,condition,flyid,loopN,loop_length,distance_patch_0,fed,normFed,deltaCFF,pathLengthDistanceRatio,maxDistBin_uneven,maxDistBin,deltaCFFBin,loopN_bin,loopN_binShort,loopN_binShort_num
0,sorbitol,fly02,1,5.063103239582336,3.6492068844994097,1.866536,0.001,0.1066764250144467,1.3874530548236872,"[3, 6)","[0, 4)","[0.1, 0.2)","[1, 5)","[1, 4)",0.0
1,sorbitol,fly02,2,2.143087919232941,3.206804139081082,2.299839,0.002,0.015321530210209586,0.6682939856274004,"[3, 6)","[0, 4)","[0.0, 0.1)","[1, 5)","[1, 4)",0.0
2,sorbitol,fly02,3,20.765095904984438,6.721064978900856,11.5325260000001,0.009,0.24593997257663952,3.0895544039778504,"[6, 9)","[4, 8)","[0.2, 0.3)","[1, 5)","[1, 4)",0.0
3,sorbitol,fly02,4,26.709541893116995,9.783316970140968,12.099153000000108,0.009,0.037374977533889964,2.7301110630101704,"[9, 12)","[8, 12)","[0.0, 0.1)","[1, 5)","[4, 7)",1.0
4,sorbitol,fly02,5,14.370159012727198,3.37890055726665,12.165815000000109,0.009,0.0024969003762995157,4.252909716985542,"[3, 6)","[0, 4)","[0.0, 0.1)","[5, 9)","[4, 7)",1.0
5,sorbitol,fly02,6,20.95901130995816,7.201233670072915,12.29913900000011,0.009,0.0034841892595763035,2.9104751033229483,"[6, 9)","[4, 8)","[0.0, 0.1)","[5, 9)","[4, 7)",1.0
6,sorbitol,fly02,7,18.53099759061206,7.073476054444605,20.098593000000214,0.015,0.01660639806520378,2.619786572822021,"[6, 9)","[4, 8)","[0.0, 0.1)","[5, 9)","[7, 10)",2.0
7,sorbitol,fly02,8,41.34591032257381,8.409945962398021,23.59834800000026,0.018,0.013861925091767119,4.916311056864911,"[6, 9)","[8, 12)","[0.0, 0.1)","[5, 9)","[7, 10)",2.0
8,sorbitol,fly02,9,8.862617069497336,4.330103733851786,24.131644000000268,0.018,0.004205370116463894,2.0467447466007274,"[3, 6)","[4, 8)","[0.0, 0.1)","[9, 13)","[7, 10)",2.0
9,sorbitol,fly02,10,46.27658312692662,12.45836384248723,25.231567000000283,0.019,0.005035531648137179,3.714499248216514,"[12, 15)","[12, 16)","[0.0, 0.1)","[9, 13)","[10, 13)",3.0
10,sorbitol,fly02,11,40.32269295733687,12.125895679914382,28.06470200000032,0.021,0.008702863360098831,3.3253372799609617,"[12, 15)","[12, 16)","[0.0, 0.1)","[9, 13)","[10, 13)",3.0
11,sorbitol,fly02,12,65.25233595442629,9.988636008039098,38.763952999999745,0.029,0.03065735739777961,6.5326573019488965,"[9, 12)","[8, 12)","[0.0, 0.1)","[9, 13)","[10, 13)",3.0
12,sorbitol,fly02,13,3.767080395100037,3.343754285313151,44.89685699999917,0.033,0.015440570038747492,1.1266020388059825,"[3, 6)","[0, 4)","[0.0, 0.1)","[13, 17)","[13, 16)",4.0
13,sorbitol,fly02,14,15.360775457148126,6.323480080625942,44.93018799999917,0.033,-0.0014859593541813598,2.429164836655516,"[6, 9)","[4, 8)","[-0.1, 0.0)","[13, 17)","[13, 16)",4.0
14,sorbitol,fly02,15,1.9266006969841107,2.875272427126338,45.196835999999145,0.034,0.002350900866793959,0.6700584886523717,"[0, 3)","[0, 4)","[0.0, 0.1)","[13, 17)","[13, 16)",4.0
15,sorbitol,fly02,16,57.53527514495106,11.997571595636797,45.36349099999913,0.034,0.0006743719061606535,4.795576728700259,"[9, 12)","[8, 12)","[0.0, 0.1)","[13, 17)","[16, 19)",5.0
16,sorbitol,fly02,17,45.49576537791352,10.738063548160808,54.89615699999824,0.041,0.02274752981747949,4.236868702989371,"[9, 12)","[8, 12)","[0.0, 0.1)","[17, 21)","[16, 19)",5.0
17,sorbitol,fly02,18,4.662166850990347,3.4259450560298315,55.162804999998215,0.041,-0.00039416449929874364,1.3608411036203585,"[3, 6)","[0, 4)","[-0.1, 0.0)","[17, 21)","[16, 19)",5.0
18,sorbitol,fly02,19,47.53727797473307,14.60507450101959,58.46257399999791,0.044,0.00499615596805339,3.2548466610981315,"[12, 15)","[12, 16)","[0.0, 0.1)","[17, 21)","[19, 22)",6.0
19,sorbitol,fly02,20,54.64402324112167,13.972994204352132,59.42917299999782,0.044,0.006525217387802984,3.9106881776349582,"[12, 15)","[12, 16)","[0.0, 0.1)","[17, 21)","[19, 22)",6.0
20,sorbitol,fly02,21,15.85348290830142,5.469905378012694,60.12912399999775,0.045,0.0009568881878312674,2.898310265480543,"[3, 6)","[4, 8)","[0.0, 0.1)","[21, 25)","[19, 22)",6.0
21,sorbitol,fly02,22,43.96716923011974,15.180912972431969,60.429102999997724,0.045,-0.0008985242805646942,2.896213772515701,"[15, 20)","[12, 16)","[-0.1, 0.0)","[21, 25)","[22, 25)",7.0
22,sorbitol,fly02,23,5.96927431630735,3.514395088622532,66.02871099999763,0.049,0.009657670670305846,1.6985211297478247,"[3, 6)","[0, 4)","[0.0, 0.1)","[21, 25)","[22, 25)",7.0
23,sorbitol,fly02,24,3.728108913963563,3.161571031220836,67.39528199999779,0.05,-0.00017420930351585984,1.1791950511780718,"[3, 6)","[0, 4)","[-0.1, 0.0)","[21, 25)","[22, 25)",7.0
24,sorbitol,fly02,25,55.80825337649504,8.429923393705934,67.66192999999782,0.05,-0.00041071318494181885,6.6202562906044164,"[6, 9)","[8, 12)","[-0.1, 0.0)","[25, 29)","[25, 28)",8.0
25,sorbitol,fly02,26,3.6598144976515274,2.902583013672695,67.86191599999785,0.051,0.0006065369433892187,1.2608819387462387,"[0, 3)","[0, 4)","[0.0, 0.1)","[25, 29)","[25, 28)",8.0
26,sorbitol,fly02,27,28.685755771200284,9.49114109976301,68.12856399999788,0.051,0.01029360110287933,3.022371648432933,"[9, 12)","[8, 12)","[0.0, 0.1)","[25, 29)","[25, 28)",8.0
27,sorbitol,fly02,28,4.461015291590175,3.1664470964636755,95.59330800000117,0.071,0.04097985573383656,1.4088393570738282,"[3, 6)","[0, 4)","[0.0, 0.1)","[25, 29)","[28, 31)",9.0
28,sorbitol,fly02,29,2.00835105621976,2.5408607405083914,97.15986500000136,0.072,-0.000508838619931451,0.7904215387333337,"[0, 3)","[0, 4)","[-0.1, 0.0)","[29, 33)","[28, 31)",9.0
29,sorbitol,fly02,30,46.20409717039505,11.370979410599512,97.29318900000138,0.072,0.005874150059454103,4.063334872220918,"[9, 12)","[8, 12)","[0.0, 0.1)","[29, 33)","[28, 31)",9.0
30,sorbitol,fly02,31,17.190661919445137,4.279303051576035,122.69141100000442,0.091,0.024171419857900903,4.017163942879424,"[3, 6)","[4, 8)","[0.0, 0.1)","[29, 33)",,
31,sorbitol,fly02,32,5.7827587715099735,3.2000664954315114,125.25789800000473,0.093,0.0027949726690893184,1.8070745654084293,"[3, 6)","[0, 4)","[0.0, 0.1)","[29, 33)",,
32,sorbitol,fly02,33,27.43594660408314,5.21765634724597,127.557737000005,0.095,0.0015043192333150102,5.2582893119368865,"[3, 6)","[4, 8)","[0.0, 0.1)","[33, 37)",,
33,sorbitol,fly02,34,24.870997481674323,8.819436679527263,128.62432900000513,0.096,0.0005608838320339815,2.8200210949309126,"[6, 9)","[8, 12)","[0.0, 0.1)","[33, 37)",,
34,sorbitol,fly02,35,64.68178084159312,9.346520896069547,128.89097700000517,0.096,0.0006613188084255983,6.920412585692017,"[9, 12)","[8, 12)","[0.0, 0.1)","[33, 37)",,
35,sorbitol,fly02,36,102.39173592658717,10.711603480452183,129.05763200000519,0.096,-0.0008283241158169863,9.558955026055985,"[9, 12)","[8, 12)","[-0.1, 0.0)","[33, 37)",,
36,sorbitol,fly02,37,6.12153704164772,3.713409035948059,170.0880930000101,0.127,0.03232081765385833,1.64849521891812,"[3, 6)","[0, 4)","[0.0, 0.1)","[37, 41)",,
37,sorbitol,fly02,38,3.196486174910077,2.8979580096568935,183.25383800001168,0.136,0.01074356759343928,1.1030132818551528,"[0, 3)","[0, 4)","[0.0, 0.1)","[37, 41)",,
38,sorbitol,fly02,39,5.624893368286654,3.0328543652708353,191.6532500000127,0.143,0.0077146585445124205,1.854653303731697,"[3, 6)","[0, 4)","[0.0, 0.1)","[37, 41)",,
39,sorbitol,fly02,40,39.20175248350115,8.223596847197923,199.2193870000136,0.148,0.006407197522399488,4.766983743476993,"[6, 9)","[8, 12)","[0.0, 0.1)","[37, 41)",,
40,sorbitol,fly02,41,47.80693178338539,9.338202850523112,214.2183370000154,0.159,0.009837018093960898,5.119500245243367,"[9, 12)","[8, 12)","[0.0, 0.1)","[41, 45)",,
41,sorbitol,fly02,42,5.449948423957693,2.40393085322337,222.21777700001635,0.165,0.0060398135205416426,2.2670986632789356,"[0, 3)","[0, 4)","[0.0, 0.1)","[41, 45)",,
42,sorbitol,fly02,43,13.254781035037047,5.270809722449167,222.31777000001637,0.165,-0.00031563585912516845,2.5147523308578092,"[3, 6)","[4, 8)","[-0.1, 0.0)","[41, 45)",,
43,sorbitol,fly02,44,10.79342550323308,3.445493757026047,240.41650300001854,0.179,0.010262560101702012,3.132620827195852,"[3, 6)","[0, 4)","[0.0, 0.1)","[41, 45)",,
44,sorbitol,fly02,45,119.12018359777176,14.096980176611725,246.38275200001925,0.183,0.0017700565858699002,8.450049734439142,"[12, 15)","[12, 16)","[0.0, 0.1)","[45, 49)",,
45,sorbitol,fly02,46,50.78570309877691,6.78646189602833,272.04762200000863,0.202,0.014517714297802992,7.4833844021873075,"[6, 9)","[4, 8)","[0.0, 0.1)","[45, 49)",,
46,sorbitol,fly02,47,30.697890866005466,7.0730305597606815,279.747083000003,0.208,0.002811858515267357,4.340132649878462,"[6, 9)","[4, 8)","[0.0, 0.1)","[45, 49)",,
47,sorbitol,fly02,48,125.38426143542631,15.195955480604418,280.21371700000265,0.209,0.00011270112902195262,8.25116009292488,"[15, 20)","[12, 16)","[0.0, 0.1)","[45, 49)",,
48,sorbitol,fly02,49,20.66288479538298,3.6998559989650985,284.31342999999964,0.212,0.002153529442756208,5.584780813405353,"[3, 6)","[0, 4)","[0.0, 0.1)",,,
49,sorbitol,fly02,50,177.65633965997176,25.410801853515814,284.6134089999994,0.212,0.0009377043381330052,6.991370862049023,"[20, 30)","[24, 28)","[0.0, 0.1)",,,
50,sorbitol,fly02,51,26.63507188902942,6.09538646403144,355.10847399994776,0.264,0.029850717453672876,4.3697101153801485,"[6, 9)","[4, 8)","[0.0, 0.1)",,,
51,sorbitol,fly02,52,3.183047829511897,2.834233745709339,513.7973649998315,0.382,0.058573776645079595,1.1230717418175609,"[0, 3)","[0, 4)","[0.0, 0.1)",,,
52,sorbitol,fly02,53,26.42821882468673,6.291917117475109,517.5637679998288,0.385,0.0034041633634492308,4.200344399211053,"[6, 9)","[4, 8)","[0.0, 0.1)",,,
53,sorbitol,fly02,54,32.435599861488235,4.812880588767043,522.1967769998254,0.389,-0.0027944353951519507,6.739331937133628,"[3, 6)","[4, 8)","[-0.1, 0.0)",,,
54,sorbitol,fly02,55,4.2939134940263015,2.4116043589986456,522.9300589998248,0.389,-0.0005334745525708839,1.7805215345560392,"[0, 3)","[0, 4)","[-0.1, 0.0)",,,
55,sorbitol,fly02,56,7.202562798364802,4.120536130520743,522.9967209998248,0.389,-0.0006534154185913466,1.747967393130117,"[3, 6)","[4, 8)","[-0.1, 0.0)",,,
56,sorbitol,fly02,57,21.54049866107992,5.188108145790581,523.3966929998245,0.39,0.001821202393028798,4.151898544859169,"[3, 6)","[4, 8)","[0.0, 0.1)",,,
57,sorbitol,fly02,58,30.74368986938397,6.077676829646251,523.4966859998244,0.39,0.0014167000757082104,5.058460778865301,"[6, 9)","[4, 8)","[0.0, 0.1)",,,
58,sorbitol,fly02,59,354.47128161912923,27.771396216345327,523.6300099998243,0.39,-0.00024701713255653734,12.763898467967525,"[20, 30)","[24, 28)","[-0.1, 0.0)",,,
59,sorbitol,fly02,60,5.582759599523188,3.1902416978981876,568.5268669997914,0.423,0.012144039167253012,1.7499487901500541,"[3, 6)","[0, 4)","[0.0, 0.1)",,,
60,sorbitol,fly02,61,2.7363723335226067,2.3402084115139155,603.157775999766,0.449,0.011304589810317844,1.169285743978848,"[0, 3)","[0, 4)","[0.0, 0.1)",,,
61,sorbitol,fly02,62,2.457479855657727,2.4856692674755525,606.4575449997636,0.451,0.0018916203039207047,0.9886592266369956,"[0, 3)","[0, 4)","[0.0, 0.1)",,,
62,sorbitol,fly06,1,7.182945359694986,2.935332544147432,5.599608000000021,0.025,0.01353308406561185,2.4470635785429464,"[0, 3)","[0, 4)","[0.0, 0.1)","[1, 5)","[1, 4)",0.0
63,sorbitol,fly06,2,17.423690415989505,5.880574075865526,5.699601000000023,0.025,-3.503211937099307e-05,2.962923379793497,"[3, 6)","[4, 8)","[-0.1, 0.0)","[1, 5)","[1, 4)",0.0
64,sorbitol,fly06,3,4.884107396750525,3.161026690606933,6.166235000000029,0.027,0.0011918310583552832,1.5451015998263373,"[3, 6)","[0, 4)","[0.0, 0.1)","[1, 5)","[1, 4)",0.0
65,sorbitol,fly06,4,11.342012755892409,5.249987024607702,6.332890000000031,0.028,5.871916258505874e-06,2.160388721482588,"[3, 6)","[4, 8)","[0.0, 0.1)","[1, 5)","[4, 7)",1.0
66,sorbitol,fly06,5,104.22348030091361,11.829114491603825,6.799524000000037,0.03,0.0008535564554477335,8.810759281676603,"[9, 12)","[8, 12)","[0.0, 0.1)","[5, 9)","[4, 7)",1.0
67,sorbitol,fly06,6,3.250681265378078,3.1810981689658857,8.099433000000055,0.036,0.0025127793038683018,1.0218739230027636,"[3, 6)","[0, 4)","[0.0, 0.1)","[5, 9)","[4, 7)",1.0
68,sorbitol,fly06,7,2.6362915725501166,2.4609586359712656,9.799314000000077,0.043,0.0037394272537380306,1.0712457877251773,"[0, 3)","[0, 4)","[0.0, 0.1)","[5, 9)","[7, 10)",2.0
69,sorbitol,fly06,8,23.90491105014641,5.131149743312219,9.932638000000079,0.044,0.0004052608350020373,4.658782582072045,"[3, 6)","[4, 8)","[0.0, 0.1)","[5, 9)","[7, 10)",2.0
70,sorbitol,fly06,9,277.7166774982465,28.164164764660395,10.632589000000088,0.047,0.0013551091396031834,9.860639568715973,"[20, 30)","[28, 32)","[0.0, 0.1)","[9, 13)","[7, 10)",2.0
71,sorbitol,fly06,10,5.022438814921488,2.3842222050953557,23.765003000000263,0.105,0.008242538968623868,2.1065313477023917,"[0, 3)","[0, 4)","[0.0, 0.1)","[9, 13)","[10, 13)",3.0
72,sorbitol,fly06,11,16.518135786523356,3.682397736782134,40.263847999999605,0.179,0.011337533380386358,4.485701156485541,"[3, 6)","[0, 4)","[0.0, 0.1)","[9, 13)","[10, 13)",3.0
73,sorbitol,fly06,12,4.734693639386702,2.3446466829647106,40.96379899999954,0.182,0.00020782297959869023,2.0193633752100655,"[0, 3)","[0, 4)","[0.0, 0.1)","[9, 13)","[10, 13)",3.0
74,sorbitol,fly06,13,5.695279067884956,2.5540132109448725,74.9614189999987,0.333,0.021966119013295145,2.2299332844006523,"[0, 3)","[0, 4)","[0.0, 0.1)","[13, 17)","[13, 16)",4.0
75,sorbitol,fly06,14,14.690696730426058,3.886137619355457,75.22806699999873,0.334,-0.00041175030257586953,3.7802821642900577,"[3, 6)","[0, 4)","[-0.1, 0.0)","[13, 17)","[13, 16)",4.0
76,sorbitol,fly06,15,10.14918000049797,5.6014212499356715,77.32791999999898,0.343,0.001509880740084138,1.8118937226180816,"[3, 6)","[4, 8)","[0.0, 0.1)","[13, 17)","[13, 16)",4.0
77,sorbitol,fly06,16,148.50669869700863,11.621876467959975,79.82774499999928,0.354,0.0014058144921917926,12.778203167657356,"[9, 12)","[8, 12)","[0.0, 0.1)","[13, 17)","[16, 19)",5.0
78,sorbitol,fly06,17,48.19383448844884,16.667064683208114,80.8610059999994,0.359,0.0016811233198782624,2.891561015960033,"[15, 20)","[16, 20)","[0.0, 0.1)","[17, 21)","[16, 19)",5.0
79,sorbitol,fly06,18,70.60567724619864,10.819211184056375,81.99425999999954,0.364,0.0008500396000267196,6.525954253508426,"[9, 12)","[8, 12)","[0.0, 0.1)","[17, 21)","[16, 19)",5.0
80,sorbitol,fly06,19,223.9057159104984,29.328668974988904,82.4275629999996,0.366,5.25895573538146e-05,7.634363363078024,"[20, 30)","[28, 32)","[0.0, 0.1)","[17, 21)","[19, 22)",6.0
81,sorbitol,fly06,20,27.14013931022713,5.615491254302834,87.96050900000026,0.39,0.00374893395968047,4.833083710963163,"[3, 6)","[4, 8)","[0.0, 0.1)","[17, 21)","[19, 22)",6.0
82,sorbitol,fly06,21,17.15137257217049,4.897968772917428,88.52713600000033,0.393,-0.00014032563514244228,3.501731711113879,"[3, 6)","[4, 8)","[-0.1, 0.0)","[21, 25)","[19, 22)",6.0
83,sorbitol,fly06,22,147.12374751042577,25.077033776563255,88.72712200000035,0.394,-0.000348867168733856,5.866872008121079,"[20, 30)","[24, 28)","[-0.1, 0.0)","[21, 25)","[22, 25)",7.0
84,sorbitol,fly06,23,3.3740899032862792,3.189520460040291,89.06043200000039,0.395,-1.903426649546569e-06,1.0578674586221832,"[3, 6)","[0, 4)","[-0.1, 0.0)","[21, 25)","[22, 25)",7.0
85,sorbitol,fly06,24,2.896593264489626,2.615236727712994,102.02619100000194,0.453,0.007111493319988928,1.107583582700246,"[0, 3)","[0, 4)","[0.0, 0.1)","[21, 25)","[22, 25)",7.0
86,sorbitol,fly06,25,4.907332925410261,3.0406818032483973,103.02612100000206,0.457,0.0018097461306591026,1.6138922922377794,"[3, 6)","[0, 4)","[0.0, 0.1)","[25, 29)","[25, 28)",8.0
87,sorbitol,fly06,26,7.342984009898596,3.183783724129282,103.42609300000211,0.459,0.0006928814986104509,2.3063702330807017,"[3, 6)","[0, 4)","[0.0, 0.1)","[25, 29)","[25, 28)",8.0
88,sorbitol,fly06,27,3.258656262185149,2.4232959857369947,116.95847900000373,0.519,0.005417377766980196,1.344720695022361,"[0, 3)","[0, 4)","[0.0, 0.1)","[25, 29)","[25, 28)",8.0
89,sorbitol,fly06,28,16.08359732889795,4.9897639292318585,147.78965400000743,0.656,0.01295737540077764,3.2233182886016647,"[3, 6)","[4, 8)","[0.0, 0.1)","[25, 29)","[28, 31)",9.0
90,sorbitol,fly06,29,41.32991444342705,7.983972140547602,148.05630200000746,0.657,0.0016098339622877822,5.17661055372775,"[6, 9)","[4, 8)","[0.0, 0.1)","[29, 33)","[28, 31)",9.0
91,sorbitol,fly06,30,339.1430167415562,40.06136601357939,148.85624600000756,0.661,-0.0009656380480699486,8.465587933936119,"[40, 50)","[40, 44)","[-0.1, 0.0)","[29, 33)","[28, 31)",9.0
92,sorbitol,fly06,31,4.898288962120388,2.5022908672252497,172.6545800000104,0.766,0.007925407493117861,1.957521815819926,"[0, 3)","[0, 4)","[0.0, 0.1)","[29, 33)",,
93,sorbitol,fly06,32,6.11209183304646,3.45340675414895,172.72124200001042,0.766,-0.0017852057053112935,1.769873133451003,"[3, 6)","[0, 4)","[-0.1, 0.0)","[29, 33)",,
94,sorbitol,fly06,33,4.114894786760879,2.638130441527904,201.8525360000139,0.896,0.010569984112554547,1.5597768487814765,"[0, 3)","[0, 4)","[0.0, 0.1)","[33, 37)",,
95,sorbitol,fly06,34,5.890880480125465,2.559075298116111,201.98586000001393,0.896,0.002759040477675806,2.3019566811738974,"[0, 3)","[0, 4)","[0.0, 0.1)","[33, 37)",,
96,sorbitol,fly06,35,66.56190255957259,21.78946785217078,202.05252200001394,0.897,-0.0006662863009894437,3.0547741234966113,"[20, 30)","[20, 24)","[-0.1, 0.0)","[33, 37)",,
97,sorbitol,fly06,36,44.570086107842236,9.931576377720715,203.15244500001407,0.901,-0.0010124926089438713,4.4877151836465075,"[9, 12)","[8, 12)","[-0.1, 0.0)","[33, 37)",,
98,sorbitol,fly06,37,217.71695158590757,8.018583246275247,203.21910700001408,0.902,0.0011039455172496687,27.151548459266838,"[6, 9)","[8, 12)","[0.0, 0.1)","[37, 41)",,
99,sorbitol,fly06,38,32.37117592544024,10.512781340823702,212.38513200001518,0.942,0.003181428105893752,3.0792208908345735,"[9, 12)","[8, 12)","[0.0, 0.1)","[37, 41)",,
100,sorbitol,fly07,1,8.229625755591407,3.445722584592377,3.033121,0.003,0.013656541074702407,2.3883599313509323,"[3, 6)","[0, 4)","[0.0, 0.1)","[1, 5)","[1, 4)",0.0
101,sorbitol,fly07,2,3.278397586838934,3.5070853443525856,3.066452,0.003,0.0001146045640302365,0.9347926454422033,"[3, 6)","[0, 4)","[0.0, 0.1)","[1, 5)","[1, 4)",0.0
102,sorbitol,fly07,3,7.224374156862879,4.01997653081851,3.766403,0.004,0.0031310478896280237,1.797118490985797,"[3, 6)","[4, 8)","[0.0, 0.1)","[1, 5)","[1, 4)",0.0
103,sorbitol,fly07,4,9.095737151216237,4.77564843372585,4.033051,0.005,0.0009939417790131543,1.9046077778635715,"[3, 6)","[4, 8)","[0.0, 0.1)","[1, 5)","[4, 7)",1.0
104,sorbitol,fly07,5,8.483712102150742,5.207146094319102,4.066382000000001,0.005,1.136951503372119e-05,1.629244109629709,"[3, 6)","[4, 8)","[0.0, 0.1)","[5, 9)","[4, 7)",1.0
105,sorbitol,fly07,6,129.896912770929,25.01774219420012,4.399692000000005,0.005,0.0012855841342345915,5.192191675915626,"[20, 30)","[24, 28)","[0.0, 0.1)","[5, 9)","[4, 7)",1.0
106,sorbitol,fly07,7,30.64584472958569,14.772706359273243,5.132974000000015,0.006,0.002756333489264868,2.074490887740988,"[12, 15)","[12, 16)","[0.0, 0.1)","[5, 9)","[7, 10)",2.0
107,sorbitol,fly07,8,68.11857526889888,22.783920974458088,5.299629000000017,0.006,0.0008080666981730988,2.9897652535427595,"[20, 30)","[20, 24)","[0.0, 0.1)","[5, 9)","[7, 10)",2.0
108,sorbitol,fly07,9,174.9846812289118,33.45507368088558,5.432953000000019,0.006,-5.902859303516875e-05,5.230437777480925,"[30, 40)","[32, 36)","[-0.1, 0.0)","[9, 13)","[7, 10)",2.0
109,sorbitol,fly07,10,5.784389163364873,4.277996719399135,5.666270000000022,0.006,0.0006586861505818234,1.3521256660003511,"[3, 6)","[4, 8)","[0.0, 0.1)","[9, 13)","[10, 13)",3.0
110,sorbitol,fly07,11,3.7146001745990387,3.644959526858653,6.132904000000028,0.007,0.0016027442593026138,1.0191060139974735,"[3, 6)","[0, 4)","[0.0, 0.1)","[9, 13)","[10, 13)",3.0
111,sorbitol,fly07,12,74.61421560349616,16.833511099337777,6.499545000000033,0.007,0.0012013944254948422,4.432480851034782,"[15, 20)","[16, 20)","[0.0, 0.1)","[9, 13)","[10, 13)",3.0
112,sorbitol,fly07,13,5.465231422387204,2.9288339574714857,14.598978000000141,0.017,0.019536469385242568,1.8660093066885344,"[0, 3)","[0, 4)","[0.0, 0.1)","[13, 17)","[13, 16)",4.0
113,sorbitol,fly07,14,3.3482034283412108,3.622897182771097,14.632309000000141,0.017,0.0002175868218863078,0.9241784294248789,"[3, 6)","[0, 4)","[0.0, 0.1)","[13, 17)","[13, 16)",4.0
114,sorbitol,fly07,15,20.31446385977132,4.368064501445279,15.098943000000148,0.017,0.0009597465107583011,4.650678544936731,"[3, 6)","[4, 8)","[0.0, 0.1)","[13, 17)","[13, 16)",4.0
115,sorbitol,fly07,16,3.1752882597760337,2.73651825648303,15.23226700000015,0.017,-0.0001180447487442518,1.1603387816812558,"[0, 3)","[0, 4)","[-0.1, 0.0)","[13, 17)","[16, 19)",5.0
116,sorbitol,fly07,17,8.394254842081015,4.6110422230812205,15.26559800000015,0.017,5.462342281609134e-05,1.8204680061402152,"[3, 6)","[4, 8)","[0.0, 0.1)","[17, 21)","[16, 19)",5.0
117,sorbitol,fly07,18,1.9493766246065751,2.747329867079625,24.531616000000273,0.028,0.0203226231885515,0.70955317305189,"[0, 3)","[0, 4)","[0.0, 0.1)","[17, 21)","[16, 19)",5.0
118,sorbitol,fly07,19,13.232361171880333,4.205693999948491,24.564947000000274,0.028,0.00032580844235432366,3.146296704430326,"[3, 6)","[4, 8)","[0.0, 0.1)","[17, 21)","[19, 22)",6.0
119,sorbitol,fly07,20,2.4741584951668654,3.348518467575135,24.898257000000278,0.028,0.001221845086447522,0.7388815439200948,"[3, 6)","[0, 4)","[0.0, 0.1)","[17, 21)","[19, 22)",6.0
120,sorbitol,fly07,21,3.0096167502454034,3.0587724588716103,24.93158800000028,0.028,-0.0001598889160465619,0.9839295961739042,"[3, 6)","[0, 4)","[-0.1, 0.0)","[21, 25)","[19, 22)",6.0
121,sorbitol,fly07,22,4.096975317461767,2.6716656507451986,25.498215000000286,0.029,0.000666858357415541,1.5334910325770035,"[0, 3)","[0, 4)","[0.0, 0.1)","[21, 25)","[22, 25)",7.0
122,sorbitol,fly07,23,17.70205217291284,5.455180487576039,25.564877000000287,0.029,0.00024822955421396897,3.2449984401485112,"[3, 6)","[4, 8)","[0.0, 0.1)","[21, 25)","[22, 25)",7.0
123,sorbitol,fly07,24,70.71164672788638,16.802010744752348,25.964849000000292,0.029,0.0014384812427185867,4.208522884677433,"[15, 20)","[16, 20)","[0.0, 0.1)","[21, 25)","[22, 25)",7.0
124,sorbitol,fly07,25,23.599339295885038,5.289615962038966,28.79798400000033,0.033,0.005313332259234395,4.461446627741251,"[3, 6)","[4, 8)","[0.0, 0.1)","[25, 29)","[25, 28)",8.0
125,sorbitol,fly07,26,6.057804117883417,3.448134236542328,28.89797700000033,0.033,0.00017822848652832013,1.756835349878367,"[3, 6)","[0, 4)","[0.0, 0.1)","[25, 29)","[25, 28)",8.0
126,sorbitol,fly07,27,330.34193464331247,46.07825269581978,29.43127300000034,0.033,0.0011738152182558248,7.169150636505822,"[40, 50)","[44, 48)","[0.0, 0.1)","[25, 29)","[25, 28)",8.0
127,sorbitol,fly07,28,4.7872674137381495,4.007508209764665,31.397802000000365,0.035,0.0020472743217684747,1.1945745743136669,"[3, 6)","[4, 8)","[0.0, 0.1)","[25, 29)","[28, 31)",9.0
128,sorbitol,fly07,29,12.296182594062161,3.8988704456003016,32.36440100000034,0.037,0.0011389797275935254,3.153780759229342,"[3, 6)","[0, 4)","[0.0, 0.1)","[29, 33)","[28, 31)",9.0
129,sorbitol,fly07,30,8.473657659462196,2.9864755173838478,32.531056000000326,0.037,-0.00012949316019907064,2.8373437552520504,"[0, 3)","[0, 4)","[-0.1, 0.0)","[29, 33)","[28, 31)",9.0
130,sorbitol,fly07,31,5.686556005722772,2.5806887476706355,32.93102800000029,0.037,8.601179867326336e-06,2.2035032356596798,"[0, 3)","[0, 4)","[0.0, 0.1)","[29, 33)",,
131,sorbitol,fly07,32,2.8624194084952657,3.1296363105720295,34.13094400000018,0.039,0.0023944264207948346,0.914617266813369,"[3, 6)","[0, 4)","[0.0, 0.1)","[29, 33)",,
132,sorbitol,fly07,33,2.0739730808655255,3.0268353493079063,37.364050999999876,0.042,0.0055696470774804635,0.6851952093594205,"[3, 6)","[0, 4)","[0.0, 0.1)","[33, 37)",,
133,sorbitol,fly07,34,12.266232802132963,5.343515380354234,41.130453999999524,0.046,0.0064471947333550605,2.2955361646811254,"[3, 6)","[4, 8)","[0.0, 0.1)","[33, 37)",,
134,sorbitol,fly07,35,23.12291983964974,5.593339476250137,43.896926999999266,0.05,0.0044332533938209046,4.1340097338686315,"[3, 6)","[4, 8)","[0.0, 0.1)","[33, 37)",,
135,sorbitol,fly07,36,19.79658707247819,5.236669349679473,44.06358199999925,0.05,-0.0009629862943290948,3.780377516806537,"[3, 6)","[4, 8)","[-0.1, 0.0)","[33, 37)",,
136,sorbitol,fly07,37,5.783176812993568,4.217465890426066,44.230236999999235,0.05,6.356407917920692e-05,1.3712444779036084,"[3, 6)","[4, 8)","[0.0, 0.1)","[37, 41)",,
137,sorbitol,fly07,38,2.159073218896012,2.9266461642114012,45.89678699999908,0.052,0.0019409601951933808,0.7377295025610943,"[0, 3)","[0, 4)","[0.0, 0.1)","[37, 41)",,
138,sorbitol,fly07,39,5.06809384010966,4.187090560946156,46.03011099999907,0.052,0.0008582053284831789,1.210409415879561,"[3, 6)","[4, 8)","[0.0, 0.1)","[37, 41)",,
139,sorbitol,fly07,40,1.7465480704757992,2.9667522925633945,52.66297999999845,0.06,0.00667082871256236,0.5887070770464328,"[0, 3)","[0, 4)","[0.0, 0.1)","[37, 41)",,
140,sorbitol,fly07,41,66.62183908016358,16.483899582964728,52.929627999998424,0.06,-3.4262101892348906e-05,4.041630971169823,"[15, 20)","[16, 20)","[-0.1, 0.0)","[41, 45)",,
141,sorbitol,fly07,42,119.57175409165966,29.930959981182358,53.42959299999838,0.06,0.00040667101295348285,3.994918778643739,"[20, 30)","[28, 32)","[0.0, 0.1)","[41, 45)",,
142,sorbitol,fly07,43,19.97346661937231,3.787945574369678,54.096212999998315,0.061,0.0010127525885829242,5.272902217634406,"[3, 6)","[0, 4)","[0.0, 0.1)","[41, 45)",,
143,sorbitol,fly07,44,4.949867435367031,3.1620975097982464,56.69603099999807,0.064,0.0022407939380377773,1.5653746982909615,"[3, 6)","[0, 4)","[0.0, 0.1)","[41, 45)",,
144,sorbitol,fly07,45,93.40969752899314,18.290212390537338,56.72936199999807,0.064,-0.00019403814656168694,5.107086540849562,"[15, 20)","[16, 20)","[-0.1, 0.0)","[45, 49)",,
145,sorbitol,fly07,46,8.127878553746182,3.704603179937608,57.16266499999803,0.065,-0.00026610565695051047,2.193994379145102,"[3, 6)","[0, 4)","[-0.1, 0.0)","[45, 49)",,
146,sorbitol,fly07,47,2.2064476379779303,2.6388532812352112,57.295988999998016,0.065,0.0005546473946615935,0.8361388083482695,"[0, 3)","[0, 4)","[0.0, 0.1)","[45, 49)",,
147,sorbitol,fly07,48,34.04239202016099,7.818707021629134,57.495974999998,0.065,0.00024608787445414004,4.353966957194898,"[6, 9)","[4, 8)","[0.0, 0.1)","[45, 49)",,
148,sorbitol,fly07,49,12.994003835653691,4.113762245906286,60.06246199999776,0.068,0.0020084367492126456,3.1586667043250665,"[3, 6)","[4, 8)","[0.0, 0.1)",,,
149,sorbitol,fly07,50,3.8517122902203815,3.1586588351458182,68.02857099999787,0.077,0.004905986087359024,1.2194138370890468,"[3, 6)","[0, 4)","[0.0, 0.1)",,,
150,sorbitol,fly07,51,3.5509630772552425,2.976468344210294,68.82851499999796,0.078,0.0005155144014682214,1.1930122099777853,"[0, 3)","[0, 4)","[0.0, 0.1)",,,
151,sorbitol,fly07,52,8.999604347410573,3.6414380369306847,70.22841699999813,0.079,0.001206557739286379,2.4714423961463887,"[3, 6)","[0, 4)","[0.0, 0.1)",,,
152,sorbitol,fly07,53,4.240962943872991,2.505846428618279,70.32840999999814,0.079,0.0001410284349260063,1.692427315352862,"[0, 3)","[0, 4)","[0.0, 0.1)",,,
153,sorbitol,fly07,54,4.560094119183509,2.857220258775362,70.8283749999982,0.08,-9.391058346478603e-05,1.5959897054411964,"[0, 3)","[0, 4)","[-0.1, 0.0)",,,
154,sorbitol,fly07,55,10.493536661514293,5.183429469580827,73.52818599999853,0.083,0.002203546846304423,2.0244389786908554,"[3, 6)","[4, 8)","[0.0, 0.1)",,,
155,sorbitol,fly07,56,2.4968704572205334,2.65245848896458,77.72789199999903,0.088,0.00296869910160321,0.9413419541186552,"[0, 3)","[0, 4)","[0.0, 0.1)",,,
156,sorbitol,fly07,57,6.671743212851231,4.3510496421457825,81.16098499999944,0.092,0.002720412256290841,1.5333640756994364,"[3, 6)","[4, 8)","[0.0, 0.1)",,,
157,sorbitol,fly07,58,12.863976232224632,4.838548877625276,81.22764699999945,0.092,-0.0005622743382697609,2.658643439918742,"[3, 6)","[4, 8)","[-0.1, 0.0)",,,
158,sorbitol,fly07,59,65.82992587018138,13.537566319508878,81.29430899999946,0.092,-0.0008501563883849678,4.862759252031468,"[12, 15)","[12, 16)","[-0.1, 0.0)",,,
159,sorbitol,fly07,60,15.369616616391223,3.8470940189136416,89.89370700000049,0.102,0.005405610628945352,3.9951237325703204,"[3, 6)","[0, 4)","[0.0, 0.1)",,,
160,sorbitol,fly07,61,9.64086513723387,4.132464301219165,99.05973200000159,0.112,0.005895306694494062,2.3329578756166414,"[3, 6)","[4, 8)","[0.0, 0.1)",,,
161,sorbitol,fly07,62,8.317027731331931,3.153047197725439,101.19291600000184,0.114,0.0004824151176088115,2.6377745748086836,"[3, 6)","[0, 4)","[0.0, 0.1)",,,
162,sorbitol,fly07,63,101.92128201814283,24.91383754474013,101.32624000000186,0.115,0.0009493865259664891,4.090950735113094,"[20, 30)","[24, 28)","[0.0, 0.1)",,,
163,sorbitol,fly07,64,7.646082363131089,2.6872689433046038,110.792244000003,0.125,0.0038237270767678203,2.8452985259184755,"[0, 3)","[0, 4)","[0.0, 0.1)",,,
164,sorbitol,fly07,65,6.344917424818168,3.1955805126848427,111.25887800000305,0.126,0.0004176726225752561,1.9855288889239517,"[3, 6)","[0, 4)","[0.0, 0.1)",,,
165,sorbitol,fly07,66,17.395411763024548,3.6889594404698656,139.35691100000642,0.158,0.010395684119292689,4.715533484100568,"[3, 6)","[0, 4)","[0.0, 0.1)",,,
166,sorbitol,fly07,67,3.208423312166036,2.75909094946057,144.156575000007,0.163,0.00110086184782629,1.1628552196850614,"[0, 3)","[0, 4)","[0.0, 0.1)",,,
167,sorbitol,fly07,68,6.346822802512859,2.8023532964383944,148.92290800000757,0.168,0.00040672508088451104,2.264818932923001,"[0, 3)","[0, 4)","[0.0, 0.1)",,,
168,sorbitol,fly07,69,4.257228808954992,2.4538796733380828,151.35607100000786,0.171,0.00039972324760087496,1.7348971325736449,"[0, 3)","[0, 4)","[0.0, 0.1)",,,
169,sorbitol,fly07,70,8.984627917949465,4.362570028474533,158.22225700000868,0.179,0.0015924993968845086,2.0594805033057852,"[3, 6)","[4, 8)","[0.0, 0.1)",,,
170,sorbitol,fly07,71,12.983038058736476,4.3852097122564375,159.82214500000887,0.181,6.825050128406174e-05,2.9606424574062093,"[3, 6)","[4, 8)","[0.0, 0.1)",,,
171,sorbitol,fly07,72,83.0740819514323,19.60508148241631,160.38877200000894,0.181,0.001368086293675047,4.237374990047401,"[15, 20)","[16, 20)","[0.0, 0.1)",,,
172,sorbitol,fly07,73,139.21468763854654,34.18968058239553,160.888737000009,0.182,-0.0002611727703938499,4.071833525997579,"[30, 40)","[32, 36)","[-0.1, 0.0)",,,
173,sorbitol,fly07,74,50.244841192090654,19.69166745923971,163.4552240000093,0.185,0.00011092687354316566,2.551578798295967,"[15, 20)","[16, 20)","[0.0, 0.1)",,,
174,sorbitol,fly07,75,20.673371404728677,5.69089728179757,168.2882190000099,0.19,0.0006578358954019217,3.632708583732973,"[3, 6)","[4, 8)","[0.0, 0.1)",,,
175,sorbitol,fly10,1,12.757201112639663,4.880427318569801,26.864786000000304,0.079,0.014672470788040818,2.613951664457557,"[3, 6)","[4, 8)","[0.0, 0.1)","[1, 5)","[1, 4)",0.0
176,sorbitol,fly10,2,17.629470153796237,3.936160355046235,42.830334999999366,0.126,0.008472320799967391,4.478849580199371,"[3, 6)","[0, 4)","[0.0, 0.1)","[1, 5)","[1, 4)",0.0
177,sorbitol,fly10,3,245.30253583291665,37.757884331636276,43.163644999999335,0.127,-0.0004273653894680089,6.496723536688853,"[30, 40)","[36, 40)","[-0.1, 0.0)","[1, 5)","[1, 4)",0.0
178,sorbitol,fly10,4,739.3896636407807,49.14405777393196,252.61564900002,0.744,0.09703956018864104,15.04535231994993,"[40, 50)","[48, 52)","[0.0, 0.1)","[1, 5)","[4, 7)",1.0
179,sorbitol,fly10,5,9.244452945310169,3.1388058205822293,329.2436179999667,0.969,0.008913650014544763,2.945213394435269,"[3, 6)","[0, 4)","[0.0, 0.1)","[5, 9)","[4, 7)",1.0
180,sorbitol,fly11,1,26.26034643174067,7.663188989555173,1.833205,0.008,0.006552945456212033,3.426817016718912,"[6, 9)","[4, 8)","[0.0, 0.1)","[1, 5)","[1, 4)",0.0
181,sorbitol,fly11,2,93.01824265202625,10.925885289014746,3.066452,0.013,0.004285759028010192,8.513565737830868,"[9, 12)","[8, 12)","[0.0, 0.1)","[1, 5)","[1, 4)",0.0
182,sorbitol,fly11,3,32.1894852141602,9.901627400564655,5.132974000000015,0.022,0.0075954161596648966,3.2509287526133885,"[9, 12)","[8, 12)","[0.0, 0.1)","[1, 5)","[1, 4)",0.0
183,sorbitol,fly11,4,136.15932102223826,30.58677365515765,5.7662630000000235,0.024,0.0021417990650475748,4.45157513366169,"[30, 40)","[28, 32)","[0.0, 0.1)","[1, 5)","[4, 7)",1.0
184,sorbitol,fly11,5,13.511296978166664,5.396622603287029,6.566207000000034,0.028,0.0012188678503642879,2.5036579304131936,"[3, 6)","[4, 8)","[0.0, 0.1)","[5, 9)","[4, 7)",1.0
185,sorbitol,fly11,6,1.7020234994874066,2.319696385030022,6.666200000000035,0.028,-0.0002265217344956695,0.7337268404914028,"[0, 3)","[0, 4)","[-0.1, 0.0)","[5, 9)","[4, 7)",1.0
186,sorbitol,fly11,7,3.9025146587064157,2.392896114951772,6.732862000000036,0.029,0.0005882001310425385,1.630875086604029,"[0, 3)","[0, 4)","[0.0, 0.1)","[5, 9)","[7, 10)",2.0
187,sorbitol,fly11,8,25.26881184844936,8.414489773528642,7.599468000000048,0.032,0.0003601855406835455,3.0030117723766403,"[6, 9)","[8, 12)","[0.0, 0.1)","[5, 9)","[7, 10)",2.0
188,sorbitol,fly11,9,10.820120049805867,3.479466661017499,10.83257500000009,0.046,0.0067907328785035935,3.1097064877873395,"[3, 6)","[0, 4)","[0.0, 0.1)","[9, 13)","[7, 10)",2.0
189,sorbitol,fly11,10,201.3531563018863,57.89991260181954,11.332540000000098,0.048,0.00046009078481877574,3.4776072580040243,"[50, 60)","[56, 60)","[0.0, 0.1)","[9, 13)","[10, 13)",3.0
190,sorbitol,fly11,11,16.776844594489784,5.887147650418665,13.632379000000128,0.058,0.004444610630857434,2.8497407557455596,"[3, 6)","[4, 8)","[0.0, 0.1)","[9, 13)","[10, 13)",3.0
191,sorbitol,fly11,12,11.873289093523992,4.330780398073299,14.398992000000138,0.061,0.0029646926001162636,2.741604976970489,"[3, 6)","[4, 8)","[0.0, 0.1)","[9, 13)","[10, 13)",3.0
192,sorbitol,fly11,13,13.12983856785058,4.4092516419796395,24.898257000000278,0.105,0.014074999956526234,2.9777929757612163,"[3, 6)","[4, 8)","[0.0, 0.1)","[13, 17)","[13, 16)",4.0
193,sorbitol,fly11,14,37.53164649468021,7.073117574081787,25.73153200000029,0.109,0.000992180514041395,5.306238175964785,"[6, 9)","[4, 8)","[0.0, 0.1)","[13, 17)","[13, 16)",4.0
194,sorbitol,fly11,15,8.748637592079529,5.534369958087932,53.79623399999834,0.228,0.03650399249681759,1.5807829361487233,"[3, 6)","[4, 8)","[0.0, 0.1)","[13, 17)","[13, 16)",4.0
195,sorbitol,fly11,16,68.00954507748331,19.853028920820364,54.529515999998274,0.231,0.002796302317117791,3.4256508338715013,"[15, 20)","[16, 20)","[0.0, 0.1)","[13, 17)","[16, 19)",5.0
196,sorbitol,fly11,17,3.407260350629285,2.4479872165581935,54.66283999999826,0.231,0.0014504550685949386,1.3918619866895403,"[0, 3)","[0, 4)","[0.0, 0.1)","[17, 21)","[16, 19)",5.0
197,sorbitol,fly11,18,35.79827999342543,11.614223520109402,55.86275599999815,0.237,0.002757504308458586,3.0822792355806343,"[9, 12)","[8, 12)","[0.0, 0.1)","[17, 21)","[16, 19)",5.0
198,sorbitol,fly11,19,14.396909360660137,4.8950860580932725,153.2559380000081,0.649,0.07516795085999779,2.9410942299690648,"[3, 6)","[4, 8)","[0.0, 0.1)","[17, 21)","[19, 22)",6.0
199,sorbitol,fly11,20,7.816359640868186,3.841187365929984,211.55185700001508,0.896,0.04108838294702431,2.034881117801391,"[3, 6)","[0, 4)","[0.0, 0.1)","[17, 21)","[19, 22)",6.0
200,sorbitol,fly11,21,75.55906937439379,25.075869028295088,219.217987000016,0.928,0.0065410912762971785,3.0132183769637058,"[20, 30)","[24, 28)","[0.0, 0.1)","[21, 25)","[19, 22)",6.0
201,sorbitol,fly11,22,19.786077274531735,6.795119576425319,220.48456500001615,0.934,0.0027668358189133213,2.9118070774172478,"[6, 9)","[4, 8)","[0.0, 0.1)","[21, 25)","[22, 25)",7.0
202,sorbitol,fly11,23,6.534339265783705,3.4292900638725676,222.95105900001644,0.944,-0.0030866299957307552,1.9054495665510205,"[3, 6)","[0, 4)","[-0.1, 0.0)","[21, 25)","[22, 25)",7.0
203,sorbitol,fly11,24,621.0505957716573,72.30891902437239,227.517406000017,0.963,-0.0032823440655847524,8.588851889243793,,,"[-0.1, 0.0)","[21, 25)","[22, 25)",7.0
204,sorbitol,fly11,25,23.97998201821348,11.083226210525464,229.41727300001722,0.971,0.0020298770935068544,2.163628312073996,"[9, 12)","[8, 12)","[0.0, 0.1)","[25, 29)","[25, 28)",8.0
205,sucralose,fly01,1,12.164142072142386,4.678076067626761,9.366011000000071,0.2,0.0043005164349104626,2.6002446083168094,"[3, 6)","[4, 8)","[0.0, 0.1)","[1, 5)","[1, 4)",0.0
206,sucralose,fly01,2,18.288155398395403,7.567651027301145,14.165675000000135,0.303,0.002174329500478742,2.4166224542356463,"[6, 9)","[4, 8)","[0.0, 0.1)","[1, 5)","[1, 4)",0.0
207,sucralose,fly01,3,5.946938654878759,3.705781685609015,27.064772000000307,0.579,0.00376463235871883,1.6047730706784546,"[3, 6)","[0, 4)","[0.0, 0.1)","[1, 5)","[1, 4)",0.0
208,sucralose,fly01,4,21.439291766238316,4.874182820717027,29.731252000000342,0.636,0.0008424668653616921,4.398540751305763,"[3, 6)","[4, 8)","[0.0, 0.1)","[1, 5)","[4, 7)",1.0
209,sucralose,fly01,5,17.196323210027305,8.690693538898808,43.33029999999932,0.927,0.003668782345063907,1.9787055121732253,"[6, 9)","[8, 12)","[0.0, 0.1)","[5, 9)","[4, 7)",1.0
210,sucralose,fly02,1,145.53428822547053,30.215626970946804,3.733072,0.071,0.003333021018795281,4.816523859174127,"[30, 40)","[28, 32)","[0.0, 0.1)","[1, 5)","[1, 4)",0.0
211,sucralose,fly02,2,62.27066996284629,18.58332114648581,5.53294600000002,0.105,0.0015703963144450073,3.3508902672449348,"[15, 20)","[16, 20)","[0.0, 0.1)","[1, 5)","[1, 4)",0.0
212,sucralose,fly02,3,200.47124812054003,33.67054499881058,26.4981450000003,0.504,0.005733242786300992,5.953905650402206,"[30, 40)","[32, 36)","[0.0, 0.1)","[1, 5)","[1, 4)",0.0
213,sucralose,fly02,4,11.530121164282463,5.138246675439739,41.563756999999484,0.79,0.002403736116007289,2.2439796865719175,"[3, 6)","[4, 8)","[0.0, 0.1)","[1, 5)","[4, 7)",1.0
214,sucralose,fly02,5,9.26569242732236,3.22090486261976,44.16357499999924,0.84,0.0006731127357330752,2.8767358312427778,"[3, 6)","[0, 4)","[0.0, 0.1)","[5, 9)","[4, 7)",1.0
215,sucralose,fly02,6,45.51129968470684,16.341994589739258,48.26328799999886,0.918,0.0012314642741275712,2.784929308034546,"[15, 20)","[16, 20)","[0.0, 0.1)","[5, 9)","[4, 7)",1.0
216,sucralose,fly03,1,15.327656113238763,5.273463725022338,0.433303,0.05,0.002716064424184643,2.906563297384555,"[3, 6)","[4, 8)","[0.0, 0.1)","[1, 5)","[1, 4)",0.0
217,sucralose,fly03,2,70.69693032224244,13.616401786486096,1.966529,0.226,0.009803911234633067,5.1920420262867975,"[12, 15)","[12, 16)","[0.0, 0.1)","[1, 5)","[1, 4)",0.0
218,sucralose,fly03,3,5.029181076778237,3.642771377631142,4.233037000000003,0.487,0.013397315511982165,1.380592015096117,"[3, 6)","[0, 4)","[0.0, 0.1)","[1, 5)","[1, 4)",0.0
219,sucralose,fly03,4,22.64458261814707,6.8628681958413145,7.1994960000000425,0.828,0.01732038744697112,3.2995799965776675,"[6, 9)","[4, 8)","[0.0, 0.1)","[1, 5)","[4, 7)",1.0
220,sucralose,fly03,5,22.01447552671777,8.478135117520477,8.132764000000055,0.935,0.004420200416902088,2.5966176784825934,"[6, 9)","[8, 12)","[0.0, 0.1)","[5, 9)","[4, 7)",1.0
221,sucralose,fly04,1,4.708881522112479,4.427271129575332,2.33317,0.263,-0.00017638402745937583,1.063608119831631,"[3, 6)","[4, 8)","[-0.1, 0.0)","[1, 5)","[1, 4)",0.0
222,sucralose,fly04,2,3.2775855505034017,2.7081747216765635,7.332820000000044,0.827,0.0008599889335518694,1.2102563118506364,"[0, 3)","[0, 4)","[0.0, 0.1)","[1, 5)","[1, 4)",0.0
223,sucralose,fly04,3,21.798609511129023,8.919258814693533,8.666060000000062,0.977,0.0003993890879894356,2.4439933815148547,"[6, 9)","[8, 12)","[0.0, 0.1)","[1, 5)","[1, 4)",0.0
224,sucralose,fly05,1,90.61260852289882,37.936720868528745,1.533226,0.575,6.486068348902875e-05,2.3885197889643788,"[30, 40)","[36, 40)","[0.0, 0.1)","[1, 5)","[1, 4)",0.0
225,sucralose,fly07,1,75.26426620072183,17.41324345228385,1.533226,0.026,0.004198622910047855,4.322242803700679,"[15, 20)","[16, 20)","[0.0, 0.1)","[1, 5)","[1, 4)",0.0
226,sucralose,fly07,2,3.2168456676728674,2.370056085929663,6.566207000000034,0.112,0.0024006917851388566,1.3572867269978754,"[0, 3)","[0, 4)","[0.0, 0.1)","[1, 5)","[1, 4)",0.0
227,sucralose,fly07,3,16.72781404937308,6.5387667644324035,11.432533000000099,0.195,0.0030814492511827404,2.5582521371405935,"[6, 9)","[4, 8)","[0.0, 0.1)","[1, 5)","[1, 4)",0.0
228,sucralose,fly07,4,19.53942445065713,7.64304828852159,13.332400000000124,0.227,0.0011643845940107686,2.556496271258896,"[6, 9)","[4, 8)","[0.0, 0.1)","[1, 5)","[4, 7)",1.0
229,sucralose,fly07,5,73.03320083645767,31.335624229704347,14.432323000000139,0.246,0.0006630048740739157,2.3306764307961814,"[30, 40)","[28, 32)","[0.0, 0.1)","[5, 9)","[4, 7)",1.0
230,sucralose,fly07,6,31.335057402716075,11.563175676481144,15.96554900000016,0.272,0.0008715477105596427,2.7099006604604163,"[9, 12)","[8, 12)","[0.0, 0.1)","[5, 9)","[4, 7)",1.0
231,sucralose,fly07,7,15.675591063468797,7.661858092583541,29.43127300000034,0.501,0.002842847527717369,2.0459255279920048,"[6, 9)","[4, 8)","[0.0, 0.1)","[5, 9)","[7, 10)",2.0
232,sucralose,fly08,1,25.83991453943432,7.057271755144406,4.233037000000003,0.072,0.0027625505730438276,3.661459475554174,"[6, 9)","[4, 8)","[0.0, 0.1)","[1, 5)","[1, 4)",0.0
233,sucralose,fly08,2,3.9559846700726653,3.2268811159955333,5.432953000000019,0.093,0.0012874735877863768,1.2259468284911372,"[3, 6)","[0, 4)","[0.0, 0.1)","[1, 5)","[1, 4)",0.0
234,sucralose,fly08,3,18.62130732231203,8.323822540710195,12.565787000000114,0.214,0.006267085412261543,2.23711008148466,"[6, 9)","[8, 12)","[0.0, 0.1)","[1, 5)","[1, 4)",0.0
235,sucralose,fly08,4,104.17755232861873,36.12738731791078,15.99888000000016,0.273,0.0035099731606878584,2.8836171132965074,"[30, 40)","[36, 40)","[0.0, 0.1)","[1, 5)","[4, 7)",1.0
236,sucralose,fly08,5,84.78025320752177,30.27455259374454,31.597788000000367,0.539,0.0037848831592660493,2.8003800533468306,"[30, 40)","[28, 32)","[0.0, 0.1)","[5, 9)","[4, 7)",1.0
237,sucralose,fly08,6,6.234189933502355,3.24139004910088,49.796513999998716,0.849,0.0015042644688987132,1.9233075436976923,"[3, 6)","[0, 4)","[0.0, 0.1)","[5, 9)","[4, 7)",1.0
238,sucralose,fly08,7,26.472971553824905,7.694274585532445,53.09628299999841,0.906,0.000879854809872644,3.4406065522540707,"[6, 9)","[4, 8)","[0.0, 0.1)","[5, 9)","[7, 10)",2.0
239,sucralose,fly09,1,49.84477186903131,18.859116591884074,1.433233,0.018,0.0037232835136757785,2.6430067191207547,"[15, 20)","[16, 20)","[0.0, 0.1)","[1, 5)","[1, 4)",0.0
240,sucralose,fly09,2,1.6236041309025464,3.294752061720371,7.566137000000047,0.097,0.01588143120030419,0.4927849199234657,"[3, 6)","[0, 4)","[0.0, 0.1)","[1, 5)","[1, 4)",0.0
241,sucralose,fly09,3,5.898509228329587,3.2593770761300918,11.399202000000098,0.147,0.009253857688748139,1.809704459029017,"[3, 6)","[0, 4)","[0.0, 0.1)","[1, 5)","[1, 4)",0.0
242,sucralose,fly09,4,11.927432850856967,4.873077348653053,12.799104000000117,0.165,0.002549930606557258,2.447618208677475,"[3, 6)","[4, 8)","[0.0, 0.1)","[1, 5)","[4, 7)",1.0
243,sucralose,fly09,5,18.190387894501107,6.872093240511799,15.565577000000154,0.2,0.005690222002663371,2.64699375544945,"[6, 9)","[4, 8)","[0.0, 0.1)","[5, 9)","[4, 7)",1.0
244,sucralose,fly09,6,106.07612636746131,35.224613962883765,17.765423000000183,0.228,0.005203024112059015,3.0114205503922316,"[30, 40)","[32, 36)","[0.0, 0.1)","[5, 9)","[4, 7)",1.0
245,sucralose,fly09,7,10.3571916409654,3.0726544308800103,21.665150000000235,0.279,0.00750003050358293,3.3707635772106963,"[3, 6)","[0, 4)","[0.0, 0.1)","[5, 9)","[7, 10)",2.0
246,sucralose,fly09,8,12.383398157552962,3.0550706917390036,29.231287000000336,0.376,0.006281578351007254,4.053391691078709,"[3, 6)","[0, 4)","[0.0, 0.1)","[5, 9)","[7, 10)",2.0
247,sucralose,fly09,9,17.648264090490727,5.29208959047609,31.09782300000036,0.4,0.002388562695441257,3.3348384959792496,"[3, 6)","[4, 8)","[0.0, 0.1)","[9, 13)","[7, 10)",2.0
248,sucralose,fly09,10,2.1759981529672534,2.2878420711866467,43.33029999999932,0.557,0.007362783195663983,0.9511137942483142,"[0, 3)","[0, 4)","[0.0, 0.1)","[9, 13)","[10, 13)",3.0
249,sucralose,fly09,11,21.407731716363422,5.292882695630439,45.49681499999912,0.585,0.000998591560208005,4.0446261418256375,"[3, 6)","[4, 8)","[0.0, 0.1)","[9, 13)","[10, 13)",3.0
250,sucralose,fly09,12,179.11333388377977,54.74138370308254,48.06330199999888,0.618,0.002084337246506071,3.2719913485433825,"[50, 60)","[52, 56)","[0.0, 0.1)","[9, 13)","[10, 13)",3.0
251,sucralose,fly09,13,5.869007874868938,3.589533612180039,70.06176199999811,0.901,0.005716101419677801,1.6350335472425068,"[3, 6)","[0, 4)","[0.0, 0.1)","[13, 17)","[13, 16)",4.0
252,sucralose,fly11,1,12.242029232975323,4.0422686051403955,8.766053000000063,0.161,0.004059093285644056,3.028504641529168,"[3, 6)","[4, 8)","[0.0, 0.1)","[1, 5)","[1, 4)",0.0
253,sucralose,fly11,2,9.600080703666125,3.531093627325766,30.93116800000036,0.567,0.006445262839258979,2.718727317048412,"[3, 6)","[0, 4)","[0.0, 0.1)","[1, 5)","[1, 4)",0.0
254,sucralose,fly11,3,10.29292657143117,3.685895600927277,39.46390399999968,0.723,0.0012125995334025062,2.792517120897763,"[3, 6)","[0, 4)","[0.0, 0.1)","[1, 5)","[1, 4)",0.0
255,sucralose,fly11,4,6.2703249369389376,2.985628827269255,50.92976799999861,0.933,0.002879981107578585,2.100168942525238,"[0, 3)","[0, 4)","[0.0, 0.1)","[1, 5)","[4, 7)",1.0
256,sucralose,fly11,5,4.153048183107308,2.714886806836101,53.762902999998346,0.985,0.0009443059575958267,1.5297316163052943,"[0, 3)","[0, 4)","[0.0, 0.1)","[5, 9)","[4, 7)",1.0
257,sucralose,fly12,1,6.87905061332665,2.991846360589323,2.066522,0.006,0.001587675867705829,2.299265999732566,"[0, 3)","[0, 4)","[0.0, 0.1)","[1, 5)","[1, 4)",0.0
258,sucralose,fly12,2,20.119789551341274,7.389389781775931,5.632939000000022,0.017,0.002686523652117247,2.7227944587470088,"[6, 9)","[4, 8)","[0.0, 0.1)","[1, 5)","[1, 4)",0.0
259,sucralose,fly12,3,11.968031108690937,5.167164731922942,13.999020000000133,0.041,0.006778239319230619,2.3161698396708705,"[3, 6)","[4, 8)","[0.0, 0.1)","[1, 5)","[1, 4)",0.0
260,sucralose,fly12,4,7.470598085811025,2.699432167104407,19.231987000000203,0.057,0.0033580484030989767,2.7674702023813,"[0, 3)","[0, 4)","[0.0, 0.1)","[1, 5)","[4, 7)",1.0
261,sucralose,fly12,5,17.577915014227923,5.719711240222147,25.16490500000028,0.074,0.004456696487708571,3.073217209046591,"[3, 6)","[4, 8)","[0.0, 0.1)","[5, 9)","[4, 7)",1.0
262,sucralose,fly12,6,9.689403686818784,3.6649404994821353,36.930747999999916,0.109,0.008671366637019874,2.643809275536102,"[3, 6)","[0, 4)","[0.0, 0.1)","[5, 9)","[4, 7)",1.0
263,sucralose,fly12,7,6.2985162210235845,4.062646892682702,42.59701799999939,0.125,0.003783197658563102,1.5503479350784688,"[3, 6)","[4, 8)","[0.0, 0.1)","[5, 9)","[7, 10)",2.0
264,sucralose,fly12,8,9.879127622763624,4.178356891774743,49.89650699999871,0.147,0.004752244834287697,2.364357061554763,"[3, 6)","[4, 8)","[0.0, 0.1)","[5, 9)","[7, 10)",2.0
265,sucralose,fly12,9,9.075585614324083,3.016184910777531,51.0297609999986,0.15,0.0004824363582479757,3.008961944572729,"[3, 6)","[0, 4)","[0.0, 0.1)","[9, 13)","[7, 10)",2.0
266,sucralose,fly12,10,6.29445624914586,3.066083569654858,51.529725999998554,0.151,0.00032297618494019076,2.052930426111775,"[3, 6)","[0, 4)","[0.0, 0.1)","[9, 13)","[10, 13)",3.0
267,sucralose,fly12,11,6.948313711554023,3.7937179696274863,54.39619199999829,0.16,0.0028336520326653417,1.8315314335915946,"[3, 6)","[0, 4)","[0.0, 0.1)","[9, 13)","[10, 13)",3.0
268,sucralose,fly12,12,25.102280723058982,8.287731765854739,56.52937599999809,0.166,0.0015144120350087872,3.0288481133619447,"[6, 9)","[8, 12)","[0.0, 0.1)","[9, 13)","[10, 13)",3.0
269,sucralose,fly12,13,3.113058721785029,3.3167879436199317,56.86268599999806,0.167,6.837312507183141e-05,0.938576349981376,"[3, 6)","[0, 4)","[0.0, 0.1)","[13, 17)","[13, 16)",4.0
270,sucralose,fly12,14,58.694382706414984,9.335157162767857,56.92934799999805,0.167,0.00025413316446604856,6.287455227910936,"[9, 12)","[8, 12)","[0.0, 0.1)","[13, 17)","[13, 16)",4.0
271,sucralose,fly12,15,62.79226800290934,16.97241527609886,57.529305999997995,0.169,0.001167454020130923,3.6996660157930243,"[15, 20)","[16, 20)","[0.0, 0.1)","[13, 17)","[13, 16)",4.0
272,sucralose,fly12,16,129.13433855694342,22.98471067851704,59.09586299999785,0.174,0.0008253272222373542,5.618271222253866,"[20, 30)","[20, 24)","[0.0, 0.1)","[13, 17)","[16, 19)",5.0
273,sucralose,fly12,17,67.39149478960972,7.3148916161940445,84.22743699999981,0.248,0.01621235926038351,9.212917747190584,"[6, 9)","[4, 8)","[0.0, 0.1)","[17, 21)","[16, 19)",5.0
274,sucralose,fly12,18,27.14175588232977,7.788717559470959,109.29234900000282,0.321,0.015981011965750865,3.4847528717132414,"[6, 9)","[4, 8)","[0.0, 0.1)","[17, 21)","[16, 19)",5.0
275,sucralose,fly12,19,9.61647846911145,3.596535490442705,119.62495900000405,0.352,0.003628270804764737,2.6738172039914274,"[3, 6)","[0, 4)","[0.0, 0.1)","[17, 21)","[19, 22)",6.0
276,sucralose,fly12,20,8.136528510820167,4.699519458632136,124.55794700000465,0.366,0.0023255612911879664,1.731353297383393,"[3, 6)","[4, 8)","[0.0, 0.1)","[17, 21)","[19, 22)",6.0
277,sucralose,fly12,21,2.911770062515034,2.6182514784348254,127.72439200000503,0.376,0.0019248629938357908,1.1121048098312054,"[0, 3)","[0, 4)","[0.0, 0.1)","[21, 25)","[19, 22)",6.0
278,sucralose,fly12,22,10.516017792292251,4.76181560282761,128.75765300000515,0.379,0.0001284072369244077,2.208405085246842,"[3, 6)","[4, 8)","[0.0, 0.1)","[21, 25)","[22, 25)",7.0
279,sucralose,fly12,23,21.915352366833776,5.326949081299931,135.45718400000595,0.398,0.002665100878162241,4.114053284978236,"[3, 6)","[4, 8)","[0.0, 0.1)","[21, 25)","[22, 25)",7.0
280,sucralose,fly12,24,13.260819760209586,4.514863374523357,137.12373400000615,0.403,0.0010417405376898364,2.9371475192446006,"[3, 6)","[4, 8)","[0.0, 0.1)","[21, 25)","[22, 25)",7.0
281,sucralose,fly12,25,272.94825060993315,34.006346411577404,139.79021400000647,0.411,0.0022413151803793163,8.026391524289371,"[30, 40)","[32, 36)","[0.0, 0.1)","[25, 29)","[25, 28)",8.0
282,sucralose,fly12,26,17.275424609975154,2.894466680936904,143.75660300000695,0.423,0.0025163328591835954,5.968430980308713,"[0, 3)","[0, 4)","[0.0, 0.1)","[25, 29)","[25, 28)",8.0
283,sucralose,fly12,27,27.10871880228992,7.460225675761921,144.289899000007,0.424,0.0007710095847793946,3.6337665883708374,"[6, 9)","[4, 8)","[0.0, 0.1)","[25, 29)","[25, 28)",8.0
284,sucralose,fly12,28,10.750170937584302,3.0296985233115885,149.2895490000076,0.439,0.002243805692500156,3.5482642430818205,"[3, 6)","[0, 4)","[0.0, 0.1)","[25, 29)","[28, 31)",9.0
285,sucralose,fly12,29,7.141186620567013,3.6827575483909314,149.55619700000764,0.44,-0.001399171303142252,1.9390868192469355,"[3, 6)","[0, 4)","[-0.1, 0.0)","[29, 33)","[28, 31)",9.0
286,sucralose,fly12,30,1.848615222576125,3.101190415950012,155.8224250000084,0.458,-0.0006049026589735329,0.5960985862294509,"[3, 6)","[0, 4)","[-0.1, 0.0)","[29, 33)","[28, 31)",9.0
287,sucralose,fly12,31,4.549865805421251,3.357586540159025,156.8223550000085,0.461,0.001069083778132876,1.355100084838247,"[3, 6)","[0, 4)","[0.0, 0.1)","[29, 33)",,
288,sucralose,fly12,32,4.094276716604594,4.0521158736982,157.78895400000863,0.464,0.0008755926383448021,1.01040464888481,"[3, 6)","[4, 8)","[0.0, 0.1)","[29, 33)",,
289,sucralose,fly12,33,7.016619527371713,4.229336060353285,161.35537100000906,0.474,0.0011494033002260734,1.6590357037708658,"[3, 6)","[4, 8)","[0.0, 0.1)","[33, 37)",,
290,sucralose,fly12,34,10.18535205883459,4.408231653238314,164.92178800000949,0.485,0.0015147565546860947,2.3105301309091524,"[3, 6)","[4, 8)","[0.0, 0.1)","[33, 37)",,
291,sucralose,fly12,35,8.406560006923455,3.3669696389464363,175.0210810000107,0.515,0.0026148675423754986,2.4967733328162605,"[3, 6)","[0, 4)","[0.0, 0.1)","[33, 37)",,
292,sucralose,fly12,36,7.175031338699546,3.266706418175959,180.28737900001133,0.53,0.0018955943328948927,2.196411437152008,"[3, 6)","[0, 4)","[0.0, 0.1)","[33, 37)",,
293,sucralose,fly12,37,16.58197943052117,7.732930656283341,181.05399200001142,0.532,0.0012616642096372893,2.1443331341717893,"[6, 9)","[4, 8)","[0.0, 0.1)","[37, 41)",,
294,sucralose,fly12,38,14.590793249929682,5.340810905032144,186.02031100001201,0.547,0.0019490417241526392,2.7319434275761663,"[3, 6)","[4, 8)","[0.0, 0.1)","[37, 41)",,
295,sucralose,fly12,39,23.50745134108414,4.96876778285371,189.1534250000124,0.556,0.000713815104755891,4.7310424572876935,"[3, 6)","[4, 8)","[0.0, 0.1)","[37, 41)",,
296,sucralose,fly12,40,10.388521536539692,3.835475389602477,190.1200240000125,0.559,0.0005130671370949108,2.708535574156401,"[3, 6)","[0, 4)","[0.0, 0.1)","[37, 41)",,
297,sucralose,fly12,41,291.65965837386426,48.968550481742334,191.05329200001262,0.562,0.0005985871830621187,5.956060685982691,"[40, 50)","[48, 52)","[0.0, 0.1)","[41, 45)",,
298,sucralose,fly12,42,11.363660722344319,4.176826375152598,196.28625900001325,0.577,0.0017702826804066318,2.720644743565419,"[3, 6)","[4, 8)","[0.0, 0.1)","[41, 45)",,
299,sucralose,fly12,43,172.1254806178515,31.831640345958757,198.21945700001348,0.583,0.0009855919551635811,5.40737074015427,"[30, 40)","[28, 32)","[0.0, 0.1)","[41, 45)",,
300,sucralose,fly12,44,2.2038731141685224,3.1828230190830182,208.88537700001476,0.614,-0.0001978298992342531,0.6924271632305417,"[3, 6)","[0, 4)","[-0.1, 0.0)","[41, 45)",,
301,sucralose,fly12,45,21.2504895195492,4.145703712212141,212.98509000001525,0.626,0.0015310961943545282,5.125906479266935,"[3, 6)","[4, 8)","[0.0, 0.1)","[45, 49)",,
302,sucralose,fly12,46,10.952259370025988,3.7778161247632034,256.18206600002026,0.753,0.011421606891469288,2.899098052505794,"[3, 6)","[0, 4)","[0.0, 0.1)","[45, 49)",,
303,sucralose,fly12,47,18.03978418895768,4.413455914271574,277.1472650000049,0.815,0.005649641777835848,4.087450863760375,"[3, 6)","[4, 8)","[0.0, 0.1)","[45, 49)",,
304,sucralose,fly12,48,19.519425419919976,6.217745032382706,290.71298199999495,0.855,0.0026268251742810333,3.1393093988673777,"[6, 9)","[4, 8)","[0.0, 0.1)","[45, 49)",,
305,sucralose,fly12,49,28.18832115142648,6.894158220263356,310.3116099999806,0.912,0.004980421074091704,4.088725592136133,"[6, 9)","[4, 8)","[0.0, 0.1)",,,
306,sucralose,fly12,50,21.97803000410214,5.983521761525146,328.3436809999674,0.965,0.00499687686534013,3.6730926835469786,"[3, 6)","[4, 8)","[0.0, 0.1)",,,
307,sucralose,fly12,51,169.00511095783796,17.812742714473686,329.21028699996674,0.968,0.0005124676383953114,9.487876946682299,"[15, 20)","[16, 20)","[0.0, 0.1)",,,
308,sucralose,fly12,52,4.278786229754988,4.244462717414468,330.5101959999658,0.972,-0.0028809692477502202,1.008086656574858,"[3, 6)","[4, 8)","[-0.1, 0.0)",,,
309,sucralose,fly13,1,3.450183416449433,2.388504823538319,10.199286000000082,0.119,0.002548333178886056,1.4444950591886805,"[0, 3)","[0, 4)","[0.0, 0.1)","[1, 5)","[1, 4)",0.0
310,sucralose,fly13,2,31.255682833226743,12.594222974356382,72.16161499999836,0.845,0.01600516322604671,2.4817476153048688,"[12, 15)","[12, 16)","[0.0, 0.1)","[1, 5)","[1, 4)",0.0
311,sucralose,fly14,1,122.59019900208034,42.95966936870191,9.23268700000007,0.097,0.006166467027737078,2.8536113243784165,"[40, 50)","[40, 44)","[0.0, 0.1)","[1, 5)","[1, 4)",0.0
312,sucralose,fly14,2,29.950062791475162,6.582179577833113,33.930958000000196,0.356,0.014424501163540828,4.550174062758536,"[6, 9)","[4, 8)","[0.0, 0.1)","[1, 5)","[1, 4)",0.0
313,sucralose,fly14,3,46.47508766147991,7.960029185157591,43.363630999999316,0.455,0.0030903203309814962,5.838557445007635,"[6, 9)","[4, 8)","[0.0, 0.1)","[1, 5)","[1, 4)",0.0
314,sucralose,fly14,4,3.095488774206501,2.2375216944371656,75.62803899999878,0.794,0.00651393433691945,1.3834452563755597,"[0, 3)","[0, 4)","[0.0, 0.1)","[1, 5)","[4, 7)",1.0
315,sucralose,fly14,5,12.021681400944448,4.045520308568829,94.126744000001,0.988,0.0034098033447722137,2.971603275722356,"[3, 6)","[4, 8)","[0.0, 0.1)","[5, 9)","[4, 7)",1.0
316,sucrose,fly01,1,409.95477835556505,45.92261441048598,34.09761300000018,0.155,0.4440659063964401,8.927078382147945,"[40, 50)","[44, 48)","[0.4, 0.5)","[1, 5)","[1, 4)",0.0
317,sucrose,fly01,2,15.46794822254966,3.7434449272132917,54.629508999998265,0.249,0.027810192134098015,4.132009024656432,"[3, 6)","[0, 4)","[0.0, 0.1)","[1, 5)","[1, 4)",0.0
318,sucrose,fly01,3,2.1136104304238983,2.826249240604529,60.76241299999769,0.277,0.006559407898921593,0.7478499772977564,"[0, 3)","[0, 4)","[0.0, 0.1)","[1, 5)","[1, 4)",0.0
319,sucrose,fly01,4,14.136143638229397,4.104626463242276,60.99572999999767,0.278,0.010506952865809494,3.443953734845618,"[3, 6)","[4, 8)","[0.0, 0.1)","[1, 5)","[4, 7)",1.0
320,sucrose,fly01,5,11.145776636312053,4.012442871673484,62.96225899999749,0.287,0.001826599865887693,2.7778031968997094,"[3, 6)","[4, 8)","[0.0, 0.1)","[5, 9)","[4, 7)",1.0
321,sucrose,fly01,6,371.584119203498,16.005533818779163,63.02892099999748,0.287,-0.00022116774430976094,23.215977886818205,"[15, 20)","[16, 20)","[-0.1, 0.0)","[5, 9)","[4, 7)",1.0
322,sucrose,fly01,7,20.821899318852893,3.6526979933214285,98.95973900000158,0.451,0.021590056794368893,5.700416337984561,"[3, 6)","[0, 4)","[0.0, 0.1)","[5, 9)","[7, 10)",2.0
323,sucrose,fly01,8,18.189873621539277,3.813387464474565,104.65934000000226,0.476,0.003012906176838595,4.770004042598804,"[3, 6)","[0, 4)","[0.0, 0.1)","[5, 9)","[7, 10)",2.0
324,sucrose,fly01,9,6.866998335246219,3.476723058926685,107.85911600000264,0.491,0.0016160629617177139,1.9751352692918145,"[3, 6)","[0, 4)","[0.0, 0.1)","[9, 13)","[7, 10)",2.0
325,sucrose,fly01,10,12.020269171731735,3.436623435244634,108.12576400000268,0.492,0.00022303992094817315,3.4976974923864708,"[3, 6)","[0, 4)","[0.0, 0.1)","[9, 13)","[10, 13)",3.0
326,sucrose,fly01,11,21.214071290237626,6.324260612031268,110.69225100000298,0.504,0.001008229343861869,3.354395492475436,"[6, 9)","[4, 8)","[0.0, 0.1)","[9, 13)","[10, 13)",3.0
327,sucrose,fly01,12,6.427634371429734,4.056512321222416,111.02556100000302,0.505,0.0005307793212948192,1.5845223340755905,"[3, 6)","[4, 8)","[0.0, 0.1)","[9, 13)","[10, 13)",3.0
328,sucrose,fly01,13,20.347847562734103,5.240608799010074,111.6588500000031,0.508,0.0004815580871492392,3.882725908977925,"[3, 6)","[4, 8)","[0.0, 0.1)","[13, 17)","[13, 16)",4.0
329,sucrose,fly01,14,11.72880540661208,3.1110711784980394,117.25845800000377,0.534,0.0014074491704563,3.7700215564577677,"[3, 6)","[0, 4)","[0.0, 0.1)","[13, 17)","[13, 16)",4.0
330,sucrose,fly01,15,4.054141353568745,2.690669840813548,139.02360100000638,0.633,0.008950626980242397,1.506740549164865,"[0, 3)","[0, 4)","[0.0, 0.1)","[13, 17)","[13, 16)",4.0
331,sucrose,fly01,16,9.378915903193997,2.7653337652291508,146.32309000000726,0.666,0.0024585914199067513,3.3916035818615944,"[0, 3)","[0, 4)","[0.0, 0.1)","[13, 17)","[16, 19)",5.0
332,sucrose,fly01,17,13.584626263715826,3.414680681232033,150.98943000000781,0.687,0.0018234646821452538,3.978300617794349,"[3, 6)","[0, 4)","[0.0, 0.1)","[17, 21)","[16, 19)",5.0
333,sucrose,fly01,18,9.145610008915162,2.8811491951547334,168.3215500000099,0.766,0.006687216188136433,3.174292405369168,"[0, 3)","[0, 4)","[0.0, 0.1)","[17, 21)","[16, 19)",5.0
334,sucrose,fly01,19,23.812243722620263,8.2794241914726,170.62138900001017,0.777,0.0009102353842913857,2.876074853991139,"[6, 9)","[8, 12)","[0.0, 0.1)","[17, 21)","[19, 22)",6.0
335,sucrose,fly01,20,511.34360825900876,73.56125657836303,172.32127000001037,0.785,0.0007914163446086225,6.951262553736922,,,"[0.0, 0.1)","[17, 21)","[19, 22)",6.0
336,sucrose,fly01,21,68.80457525999688,9.970396102141349,180.48736500001135,0.822,0.00262450049445679,6.900886840916949,"[9, 12)","[8, 12)","[0.0, 0.1)","[21, 25)","[19, 22)",6.0
337,sucrose,fly01,22,4.315102502202876,3.03167658292861,182.98719000001165,0.833,0.0006653954893347733,1.4233386656417264,"[3, 6)","[0, 4)","[0.0, 0.1)","[21, 25)","[22, 25)",7.0
338,sucrose,fly01,23,8.419392602427827,2.9906610560050852,191.38660200001266,0.871,0.002443809514706477,2.815227952870869,"[0, 3)","[0, 4)","[0.0, 0.1)","[21, 25)","[22, 25)",7.0
339,sucrose,fly01,24,1.989043414032091,3.0360580376888935,192.38653200001278,0.876,0.0009072889238348619,0.6551401156830946,"[3, 6)","[0, 4)","[0.0, 0.1)","[21, 25)","[22, 25)",7.0
340,sucrose,fly01,25,168.09472449449711,39.455153432840966,203.21910700001408,0.925,0.003303518087210633,4.260399716367127,"[30, 40)","[36, 40)","[0.0, 0.1)","[25, 29)","[25, 28)",8.0
341,sucrose,fly03,1,2.405657251142397,2.4514329523777603,128.55766700000513,0.815,0.04022275217866627,0.9813269617710885,"[0, 3)","[0, 4)","[0.0, 0.1)","[1, 5)","[1, 4)",0.0
342,sucrose,fly03,2,13.167489635370588,5.09753003504163,157.08900300000855,0.996,0.008248119220026148,2.5831117315354972,"[3, 6)","[4, 8)","[0.0, 0.1)","[1, 5)","[1, 4)",0.0
343,sucrose,fly03,3,22.893628647911797,11.384153576098242,157.6222990000086,0.999,-0.0007372860740603865,2.0110084157664945,"[9, 12)","[8, 12)","[-0.1, 0.0)","[1, 5)","[1, 4)",0.0
344,sucrose,fly04,1,2.971043071758781,2.3791886692945,144.123244000007,0.098,0.06401473553783814,1.248763122531087,"[0, 3)","[0, 4)","[0.0, 0.1)","[1, 5)","[1, 4)",0.0
345,sucrose,fly04,2,3.209996087387537,2.3579528740072715,204.78566400001426,0.14,0.02562095070448682,1.3613487032640492,"[0, 3)","[0, 4)","[0.0, 0.1)","[1, 5)","[1, 4)",0.0
346,sucrose,fly05,1,2.22001952702613,2.1948758540356663,53.59624799999836,0.787,0.016279659962495446,1.0114556242186694,"[0, 3)","[0, 4)","[0.0, 0.1)","[1, 5)","[1, 4)",0.0
347,sucrose,fly05,2,10.21144737815994,5.165920748311798,64.9954499999975,0.955,0.00329153500870058,1.9766945479171356,"[3, 6)","[4, 8)","[0.0, 0.1)","[1, 5)","[1, 4)",0.0
348,sucrose,fly06,1,13.875898715862569,3.205833246372216,36.96407899999991,0.143,0.0399015242454776,4.328328284562152,"[3, 6)","[0, 4)","[0.0, 0.1)","[1, 5)","[1, 4)",0.0
349,sucrose,fly06,2,15.319228204230086,3.2356790616707176,60.59575799999771,0.234,0.023053406495753943,4.734470852099936,"[3, 6)","[0, 4)","[0.0, 0.1)","[1, 5)","[1, 4)",0.0
350,sucrose,fly06,3,6.416967683866271,2.8382281273818033,69.128493999998,0.267,0.008631799212183683,2.260906240044125,"[0, 3)","[0, 4)","[0.0, 0.1)","[1, 5)","[1, 4)",0.0
351,sucrose,fly06,4,4.314557797711332,2.8365131026036505,69.29514899999802,0.268,-0.00110086697315942,1.5210780425272765,"[0, 3)","[0, 4)","[-0.1, 0.0)","[1, 5)","[4, 7)",1.0
352,sucrose,fly06,5,6.288400650841304,3.1312245899712323,75.0280809999987,0.29,0.002351422261971964,2.0082879621544736,"[3, 6)","[0, 4)","[0.0, 0.1)","[5, 9)","[4, 7)",1.0
353,sucrose,fly06,6,7.300198023791271,3.092016448016779,75.29472899999874,0.291,0.001307754551052101,2.3609829205383503,"[3, 6)","[0, 4)","[0.0, 0.1)","[5, 9)","[4, 7)",1.0
354,sucrose,fly06,7,13.683424572648327,3.8626186047904723,92.92682800000085,0.359,0.011233556392747132,3.5425254141524505,"[3, 6)","[0, 4)","[0.0, 0.1)","[5, 9)","[7, 10)",2.0
355,sucrose,fly06,8,5.6795836676314915,3.2049545172144898,93.2934690000009,0.36,0.0026613965231553627,1.7721261369311934,"[3, 6)","[0, 4)","[0.0, 0.1)","[5, 9)","[7, 10)",2.0
356,sucrose,fly06,9,3.2083046827366197,2.5916967668949553,99.89300700000169,0.386,0.0072188076054169326,1.237916689837294,"[0, 3)","[0, 4)","[0.0, 0.1)","[9, 13)","[7, 10)",2.0
357,sucrose,fly06,10,15.484867437629626,3.3223257795142387,100.62628900000178,0.388,0.0026451801941912573,4.660851603750216,"[3, 6)","[0, 4)","[0.0, 0.1)","[9, 13)","[10, 13)",3.0
358,sucrose,fly06,11,21.988372359938346,4.883193771973928,109.02570100000278,0.421,0.006134202360056171,4.502867055191629,"[3, 6)","[4, 8)","[0.0, 0.1)","[9, 13)","[10, 13)",3.0
359,sucrose,fly06,12,5.190329169207739,3.6857441781563973,119.9916000000041,0.463,0.012740257793441512,1.4082174232189746,"[3, 6)","[0, 4)","[0.0, 0.1)","[9, 13)","[10, 13)",3.0
360,sucrose,fly06,13,11.332072438416755,3.4579187423147624,120.95819900000421,0.467,0.0007753521567536309,3.2771367064660875,"[3, 6)","[0, 4)","[0.0, 0.1)","[13, 17)","[13, 16)",4.0
361,sucrose,fly06,14,16.8569723950972,7.787031888685986,121.15818500000424,0.468,-0.0002785403714766488,2.164749372554799,"[6, 9)","[4, 8)","[-0.1, 0.0)","[13, 17)","[13, 16)",4.0
362,sucrose,fly06,15,25.22717090071976,10.08793178949297,121.6914810000043,0.47,0.001582538467327796,2.500727743519735,"[9, 12)","[8, 12)","[0.0, 0.1)","[13, 17)","[13, 16)",4.0
363,sucrose,fly06,16,17.30204431170115,4.340363894490192,129.65759000000526,0.501,0.004170298272608397,3.9863119158430385,"[3, 6)","[4, 8)","[0.0, 0.1)","[13, 17)","[16, 19)",5.0
364,sucrose,fly06,17,11.057054742110903,4.835636352193359,136.15713500000604,0.526,0.002841690041067352,2.286576974940562,"[3, 6)","[4, 8)","[0.0, 0.1)","[17, 21)","[16, 19)",5.0
365,sucrose,fly06,18,2.24927522420165,2.9791585795047433,137.4570440000062,0.531,-0.0025602139584817857,0.755003523369196,"[0, 3)","[0, 4)","[-0.1, 0.0)","[17, 21)","[16, 19)",5.0
366,sucrose,fly06,19,32.57352972202517,6.379340984777952,143.4566240000069,0.554,0.002580371872298981,5.10609635066544,"[6, 9)","[4, 8)","[0.0, 0.1)","[17, 21)","[19, 22)",6.0
367,sucrose,fly06,20,31.362459345120843,7.621043433482041,150.7561130000078,0.582,0.00585769456725746,4.115244798019921,"[6, 9)","[4, 8)","[0.0, 0.1)","[17, 21)","[19, 22)",6.0
368,sucrose,fly06,21,138.97336386953094,27.43717279271071,152.85596600000804,0.59,0.0018691505494191352,5.0651488372902715,"[20, 30)","[24, 28)","[0.0, 0.1)","[21, 25)","[19, 22)",6.0
369,sucrose,fly06,22,15.923752494316,2.9093698937886487,168.25488800000988,0.65,0.01009906107319078,5.473265028387202,"[0, 3)","[0, 4)","[0.0, 0.1)","[21, 25)","[22, 25)",7.0
370,sucrose,fly06,23,103.350008322772,34.19276551171086,173.75450300001054,0.671,0.0050188352822857635,3.02256944637529,"[30, 40)","[32, 36)","[0.0, 0.1)","[21, 25)","[22, 25)",7.0
371,sucrose,fly06,24,3.5976128217071617,3.706788653981548,174.88775700001068,0.675,-0.0031954385988536838,0.9705470577187836,"[3, 6)","[0, 4)","[-0.1, 0.0)","[21, 25)","[22, 25)",7.0
372,sucrose,fly06,25,18.05361423303484,3.0117854340368995,195.1196740000131,0.753,0.007273418709435681,5.994322845514383,"[3, 6)","[0, 4)","[0.0, 0.1)","[25, 29)","[25, 28)",8.0
373,sucrose,fly06,26,29.382221591631843,3.760285649798573,211.6851810000151,0.817,0.010365843884727471,7.813827014233815,"[3, 6)","[0, 4)","[0.0, 0.1)","[25, 29)","[25, 28)",8.0
374,sucrose,fly06,27,4.007949690378603,2.4992528688879694,215.8848870000156,0.833,0.001077834954432505,1.6036591336041643,"[0, 3)","[0, 4)","[0.0, 0.1)","[25, 29)","[25, 28)",8.0
375,sucrose,fly06,28,7.398977246475313,3.8019705980026806,217.6847610000158,0.84,0.000994584316047431,1.9460900750685124,"[3, 6)","[0, 4)","[0.0, 0.1)","[25, 29)","[28, 31)",9.0
376,sucrose,fly06,29,7.095243656335551,2.800123449025864,218.4847050000159,0.844,-0.00032158679479959984,2.533903874418079,"[0, 3)","[0, 4)","[-0.1, 0.0)","[29, 33)","[28, 31)",9.0
377,sucrose,fly06,30,50.33208726527632,22.309513598738825,225.21756700001671,0.87,0.008062960591999152,2.256081785132314,"[20, 30)","[20, 24)","[0.0, 0.1)","[29, 33)","[28, 31)",9.0
378,sucrose,fly06,31,12.292389477122724,3.2620796524644042,228.68399100001713,0.883,0.0013766411162331182,3.7682677269502567,"[3, 6)","[0, 4)","[0.0, 0.1)","[29, 33)",,
379,sucrose,fly06,32,79.44261237310292,25.983185471263816,241.21644700001863,0.931,0.00406708747945117,3.057462390858993,"[20, 30)","[24, 28)","[0.0, 0.1)","[29, 33)",,
380,sucrose,fly06,33,15.424683861079819,3.697802068908869,243.64961000001892,0.941,-0.0004004436453541871,4.171311382718564,"[3, 6)","[0, 4)","[-0.1, 0.0)","[33, 37)",,
381,sucrose,fly08,1,4.05178199183546,2.7436598656782993,23.165045000000255,0.03,0.16168157665477514,1.4767799910335317,"[0, 3)","[0, 4)","[0.1, 0.2)","[1, 5)","[1, 4)",0.0
382,sucrose,fly08,2,8.626413770134732,4.74846605852816,23.59834800000026,0.031,0.001066730706709429,1.8166737771331118,"[3, 6)","[4, 8)","[0.0, 0.1)","[1, 5)","[1, 4)",0.0
383,sucrose,fly08,3,3.7071128187680196,2.7598118116696755,26.998110000000306,0.035,0.0132220098708066,1.3432484066822044,"[0, 3)","[0, 4)","[0.0, 0.1)","[1, 5)","[1, 4)",0.0
384,sucrose,fly08,4,2.4375763366689194,2.953272991424009,27.26475800000031,0.036,-0.00012865153759419878,0.8253813121060539,"[0, 3)","[0, 4)","[-0.1, 0.0)","[1, 5)","[4, 7)",1.0
385,sucrose,fly08,5,10.988631809080765,2.9561765616376103,30.131224000000348,0.039,0.011813626043737036,3.7171770968218074,"[0, 3)","[0, 4)","[0.0, 0.1)","[5, 9)","[4, 7)",1.0
386,sucrose,fly08,6,2.3075758694662025,2.7660265866933633,31.231147000000362,0.041,0.0027903353320843927,0.8342565760457082,"[0, 3)","[0, 4)","[0.0, 0.1)","[5, 9)","[4, 7)",1.0
387,sucrose,fly08,7,10.472460443574164,3.5037756709041883,31.297809000000363,0.041,-0.00014194948096743487,2.988907232428961,"[3, 6)","[0, 4)","[-0.1, 0.0)","[5, 9)","[7, 10)",2.0
388,sucrose,fly08,8,5.333174495785462,3.3416739520014564,34.63090900000013,0.045,0.012290815862166654,1.5959589631990339,"[3, 6)","[0, 4)","[0.0, 0.1)","[5, 9)","[7, 10)",2.0
389,sucrose,fly08,9,8.250556805074407,3.291803160326023,37.164064999999894,0.048,0.008366566460229541,2.5063943386752396,"[3, 6)","[0, 4)","[0.0, 0.1)","[9, 13)","[7, 10)",2.0
390,sucrose,fly08,10,9.582642888514403,3.478279780378519,41.09712299999953,0.054,0.014230382278301618,2.7549948519298195,"[3, 6)","[0, 4)","[0.0, 0.1)","[9, 13)","[10, 13)",3.0
391,sucrose,fly08,11,2.6604650321267886,3.000455338824933,41.16378499999952,0.054,-0.0010123789465423805,0.886687096355417,"[3, 6)","[0, 4)","[-0.1, 0.0)","[9, 13)","[10, 13)",3.0
392,sucrose,fly08,12,15.859772590917641,3.473282246916901,41.29710899999951,0.054,-0.0007206032106362725,4.566220497915409,"[3, 6)","[0, 4)","[-0.1, 0.0)","[9, 13)","[10, 13)",3.0
393,sucrose,fly08,13,5.197718393596057,2.624886468373805,43.363630999999316,0.057,0.008266016851876223,1.9801688401465216,"[0, 3)","[0, 4)","[0.0, 0.1)","[13, 17)","[13, 16)",4.0
394,sucrose,fly08,14,9.555991990487172,3.151969037062791,44.49688499999921,0.058,3.5142749163802334e-05,3.0317531289558812,"[3, 6)","[0, 4)","[0.0, 0.1)","[13, 17)","[13, 16)",4.0
395,sucrose,fly08,15,3.071815428850944,2.904979092323444,46.29675899999904,0.06,-0.001332502462046553,1.0574311660171234,"[0, 3)","[0, 4)","[-0.1, 0.0)","[13, 17)","[13, 16)",4.0
396,sucrose,fly08,16,1.5805626370102706,2.8353284815417594,49.82984499999871,0.065,0.013498127408322402,0.5574530948706204,"[0, 3)","[0, 4)","[0.0, 0.1)","[13, 17)","[16, 19)",5.0
397,sucrose,fly08,17,12.307604280417927,3.0588456471318355,51.0297609999986,0.067,0.0033307409105526875,4.023610767008889,"[3, 6)","[0, 4)","[0.0, 0.1)","[17, 21)","[16, 19)",5.0
398,sucrose,fly08,18,15.816556208947773,3.4813027956488263,52.56298699999846,0.069,0.00835252539383094,4.543286561776931,"[3, 6)","[0, 4)","[0.0, 0.1)","[17, 21)","[16, 19)",5.0
399,sucrose,fly08,19,46.61515290530434,9.531463399542432,56.32938999999811,0.073,0.005856774338860893,4.890660641632653,"[9, 12)","[8, 12)","[0.0, 0.1)","[17, 21)","[19, 22)",6.0
400,sucrose,fly08,20,2.15312227232303,3.0484287207965157,72.22827699999837,0.094,0.03519462263757864,0.7063055985643799,"[3, 6)","[0, 4)","[0.0, 0.1)","[17, 21)","[19, 22)",6.0
401,sucrose,fly08,21,13.539083437928157,3.554970729122729,72.26160799999838,0.094,-0.004796156934533169,3.8084936472231488,"[3, 6)","[0, 4)","[-0.1, 0.0)","[21, 25)","[19, 22)",6.0
402,sucrose,fly08,22,14.15439785211699,3.2442452804119237,81.39430199999947,0.106,0.022472489861618816,4.362924695484121,"[3, 6)","[0, 4)","[0.0, 0.1)","[21, 25)","[22, 25)",7.0
403,sucrose,fly08,23,25.964559205435858,3.6251592239839745,81.6609499999995,0.106,0.002084688394962231,7.1623224253585605,"[3, 6)","[0, 4)","[0.0, 0.1)","[21, 25)","[22, 25)",7.0
404,sucrose,fly08,24,2.044348225468832,3.048574137089046,85.66066999999998,0.112,0.008555219189197827,0.6705916056287525,"[3, 6)","[0, 4)","[0.0, 0.1)","[21, 25)","[22, 25)",7.0
405,sucrose,fly08,25,84.03747241245736,5.17335760963638,90.52699600000057,0.118,0.00018415303999108623,16.24428055310178,"[3, 6)","[4, 8)","[0.0, 0.1)","[25, 29)","[25, 28)",8.0
406,sucrose,fly08,26,9.736423679820284,3.148650476359017,91.72691200000071,0.12,-0.0005582451904846408,3.092252935955954,"[3, 6)","[0, 4)","[-0.1, 0.0)","[25, 29)","[25, 28)",8.0
407,sucrose,fly08,27,2.2357334886185742,3.0384668351305537,96.6932310000013,0.126,0.004145441893274815,0.735809738901597,"[3, 6)","[0, 4)","[0.0, 0.1)","[25, 29)","[25, 28)",8.0
408,sucrose,fly08,28,13.841319799926703,3.370185009819466,101.22624700000185,0.132,0.006325993315526773,4.106991087907116,"[3, 6)","[0, 4)","[0.0, 0.1)","[25, 29)","[28, 31)",9.0
409,sucrose,fly08,29,9.492306503519412,3.8714648949097366,101.85953600000192,0.133,0.00033029770051823393,2.4518642842403264,"[3, 6)","[0, 4)","[0.0, 0.1)","[29, 33)","[28, 31)",9.0
410,sucrose,fly08,30,11.617067915030498,3.2265244123625534,102.35950100000198,0.133,-0.0011153771849894412,3.6004897004712726,"[3, 6)","[0, 4)","[-0.1, 0.0)","[29, 33)","[28, 31)",9.0
411,sucrose,fly08,31,5.220032201125794,3.3870795203416093,102.42616300000199,0.134,0.0004812848905033362,1.5411602148033772,"[3, 6)","[0, 4)","[0.0, 0.1)","[29, 33)",,
412,sucrose,fly08,32,2.2076324152397953,2.6586504931226145,105.8592560000024,0.138,0.0040020841310574595,0.830358266703536,"[0, 3)","[0, 4)","[0.0, 0.1)","[29, 33)",,
413,sucrose,fly08,33,36.27031750856858,6.258364494388924,107.35915100000258,0.14,0.001474268715287358,5.795494580267343,"[6, 9)","[4, 8)","[0.0, 0.1)","[33, 37)",,
414,sucrose,fly08,34,29.388247453830356,5.896897231314625,107.5258060000026,0.14,0.0005677019350877055,4.983679772774111,"[3, 6)","[4, 8)","[0.0, 0.1)","[33, 37)",,
415,sucrose,fly08,35,53.027142629196504,8.251706921253824,112.4587940000032,0.147,0.006305437956390575,6.426202861448596,"[6, 9)","[8, 12)","[0.0, 0.1)","[33, 37)",,
416,sucrose,fly08,36,40.870713711521766,10.926358902197553,112.99209000000326,0.147,0.002790013775923944,3.7405611583289367,"[9, 12)","[8, 12)","[0.0, 0.1)","[33, 37)",,
417,sucrose,fly08,37,10.850201618446391,3.2990895191597365,126.6578000000049,0.165,0.015105346664263136,3.288847288148122,"[3, 6)","[0, 4)","[0.0, 0.1)","[37, 41)",,
418,sucrose,fly08,38,114.93886355194073,3.681956784326309,126.95777900000493,0.166,0.0007043833182241999,31.21678778013447,"[3, 6)","[0, 4)","[0.0, 0.1)","[37, 41)",,
419,sucrose,fly08,39,9.07026353575037,3.3677745889673036,144.189906000007,0.188,0.01915291913110176,2.693251373017717,"[3, 6)","[0, 4)","[0.0, 0.1)","[37, 41)",,
420,sucrose,fly08,40,24.037108941036475,3.8275879019715786,144.38989200000702,0.188,-0.002077449363447781,6.279962617881365,"[3, 6)","[0, 4)","[-0.1, 0.0)","[37, 41)",,
421,sucrose,fly08,41,16.365957023040444,3.296364229274511,153.2892690000081,0.2,0.009569071419716413,4.964850934158568,"[3, 6)","[0, 4)","[0.0, 0.1)","[41, 45)",,
422,sucrose,fly08,42,2.2181179834311275,3.354333471909888,153.78923400000815,0.201,0.002754150939641764,0.6612693705042323,"[3, 6)","[0, 4)","[0.0, 0.1)","[41, 45)",,
423,sucrose,fly08,43,2.6530632704938064,2.635200643562095,157.5556370000086,0.205,0.0015382171540899436,1.0067784694024535,"[0, 3)","[0, 4)","[0.0, 0.1)","[41, 45)",,
424,sucrose,fly08,44,136.81317713287137,18.741488539676997,158.68889100000874,0.207,0.002114801529446403,7.300016583166734,"[15, 20)","[16, 20)","[0.0, 0.1)","[41, 45)",,
425,sucrose,fly08,45,13.248129457341381,3.0097771790577657,162.42196300000919,0.212,0.0036175632426014848,4.401697756738527,"[3, 6)","[0, 4)","[0.0, 0.1)","[45, 49)",,
426,sucrose,fly08,46,3.2791369016987546,2.5114633566926146,162.5552870000092,0.212,-0.00013050342199180665,1.3056678262736436,"[0, 3)","[0, 4)","[-0.1, 0.0)","[45, 49)",,
427,sucrose,fly08,47,1.5564045538413565,2.6612203515200687,167.4882750000098,0.218,0.0023752381869248385,0.5848461789165073,"[0, 3)","[0, 4)","[0.0, 0.1)","[45, 49)",,
428,sucrose,fly08,48,24.875005513615214,6.1272119759518295,167.72159200000982,0.219,-0.0017916854893029743,4.05975925286166,"[6, 9)","[4, 8)","[-0.1, 0.0)","[45, 49)",,
429,sucrose,fly08,49,2.242917883581112,2.765556096013186,170.45473400001015,0.222,0.0012906518952791879,0.8110187628500803,"[0, 3)","[0, 4)","[0.0, 0.1)",,,
430,sucrose,fly08,50,10.347183393695072,3.2160047371343676,170.65472000001017,0.223,-0.002002347623413947,3.2174030324703335,"[3, 6)","[0, 4)","[-0.1, 0.0)",,,
431,sucrose,fly08,51,19.082788426013458,5.532270319618473,171.28800900001025,0.223,0.0016083867359660553,3.449359363070582,"[3, 6)","[4, 8)","[0.0, 0.1)",,,
432,sucrose,fly08,52,3.1371676099778405,3.081514422693018,191.98656000001273,0.25,0.015565187012027526,1.018060336461507,"[3, 6)","[0, 4)","[0.0, 0.1)",,,
433,sucrose,fly08,53,36.10511415719257,5.630032066862949,599.7580139997685,0.782,0.24538230051890178,6.412950002487342,"[3, 6)","[4, 8)","[0.2, 0.3)",,,
434,sucrose,fly08,54,10.409323194982006,2.8168238002035024,600.0579929997683,0.782,-0.004635656532200494,3.6954115462351536,"[0, 3)","[0, 4)","[-0.1, 0.0)",,,
435,sucrose,fly08,55,2.4736219195842795,2.9194510576716173,606.6908619997635,0.791,0.005359816818305885,0.8472900797854426,"[0, 3)","[0, 4)","[0.0, 0.1)",,,
436,sucrose,fly08,56,2.074830132888239,2.636884534373611,610.6572509997605,0.796,0.01338281170131278,0.7868490659493791,"[0, 3)","[0, 4)","[0.0, 0.1)",,,
437,sucrose,fly08,57,19.918764526581924,4.1001519984331045,611.0905539997602,0.797,0.007592760031320811,4.858055148734484,"[3, 6)","[4, 8)","[0.0, 0.1)",,,
438,sucrose,fly08,58,3.1313685354114487,2.8464281151684885,613.8236959997582,0.8,-0.012205753415478526,1.100104555152658,"[0, 3)","[0, 4)","[-0.1, 0.0)",,,
439,sucrose,fly08,59,9.172859596645617,3.472447029042808,623.723002999751,0.813,0.005689453278895751,2.6416125343096013,"[3, 6)","[0, 4)","[0.0, 0.1)",,,
440,sucrose,fly08,60,2.866109786932202,2.634825508950964,624.2562989997506,0.814,-0.006731480665888301,1.0877797323562888,"[0, 3)","[0, 4)","[-0.1, 0.0)",,,
441,sucrose,fly08,61,11.35895671191218,3.2588846664445166,630.0558929997463,0.822,0.007437771267374105,3.4855350448179383,"[3, 6)","[0, 4)","[0.0, 0.1)",,,
442,sucrose,fly08,62,6.260773179608125,3.3753020208372346,630.3558719997461,0.822,0.011228766712445493,1.8548779163931401,"[3, 6)","[0, 4)","[0.0, 0.1)",,,
443,sucrose,fly08,63,5.95936220023682,4.337750247030446,631.9890909997449,0.824,0.0005957230111348633,1.3738370954659052,"[3, 6)","[4, 8)","[0.0, 0.1)",,,
444,sucrose,fly08,64,237.40381782457973,16.09959718560922,632.4890559997446,0.825,0.0010830952544291228,14.745947683510083,"[15, 20)","[16, 20)","[0.0, 0.1)",,,
445,sucrose,fly08,65,3.280124305732927,2.9582030947404028,642.0550529997375,0.837,-0.005277795625236836,1.1088232283864792,"[0, 3)","[0, 4)","[-0.1, 0.0)",,,
446,sucrose,fly08,66,2.592116602973456,3.41626505926615,642.5883489997371,0.838,0.0028466231199886227,0.7587574611468438,"[3, 6)","[0, 4)","[0.0, 0.1)",,,
447,sucrose,fly08,67,2.6972633097570307,2.733513998639146,643.0216519997368,0.838,0.006137446506913002,0.9867384293988755,"[0, 3)","[0, 4)","[0.0, 0.1)",,,
448,sucrose,fly08,68,13.26839968179555,3.4091684660211827,651.4877259997306,0.85,-0.0018046036057046133,3.891975364092526,"[3, 6)","[0, 4)","[-0.1, 0.0)",,,
449,sucrose,fly08,69,2.4540188437705073,2.9061691348193976,653.654240999729,0.852,0.0023376843797670577,0.8444170762012484,"[0, 3)","[0, 4)","[0.0, 0.1)",,,
450,sucrose,fly08,70,15.703853091264582,6.236023721775193,653.687571999729,0.852,0.007020751874127595,2.518247811731256,"[6, 9)","[4, 8)","[0.0, 0.1)",,,
451,sucrose,fly08,71,5.289914271980143,3.4700725067956912,655.8540869997274,0.855,0.017808993086404656,1.5244391180935053,"[3, 6)","[0, 4)","[0.0, 0.1)",,,
452,sucrose,fly08,72,8.875132865662172,4.5039360745234065,656.387382999727,0.856,-0.0004736636390492155,1.9705281599942142,"[3, 6)","[4, 8)","[-0.1, 0.0)",,,
453,sucrose,fly08,73,32.197753703862894,10.99185219971776,656.487375999727,0.856,-0.0007490609320960906,2.929238231996027,"[9, 12)","[8, 12)","[-0.1, 0.0)",,,
454,sucrose,fly08,74,208.6039399664754,40.81864656799269,664.3201609997212,0.866,0.010149649291262886,5.110506043334836,"[40, 50)","[40, 44)","[0.0, 0.1)",,,
455,sucrose,fly08,75,27.048195276376973,5.585137260284125,666.5533379997196,0.869,0.0005007162019501354,4.842888189824181,"[3, 6)","[4, 8)","[0.0, 0.1)",,,
456,sucrose,fly08,76,2.1991804388040896,2.9807250540185306,667.8865779997186,0.871,0.0013759409273740308,0.7378005012032948,"[0, 3)","[0, 4)","[0.0, 0.1)",,,
457,sucrose,fly08,77,139.86012705035412,16.83197947495782,667.9199089997186,0.871,0.0029008837591515957,8.309190684223111,"[15, 20)","[16, 20)","[0.0, 0.1)",,,
458,sucrose,fly08,78,12.793344663721676,3.437529332175865,670.8530369997164,0.875,0.00017184929708452534,3.721668508825153,"[3, 6)","[0, 4)","[0.0, 0.1)",,,
459,sucrose,fly08,79,1.8961026444024227,2.885904383377447,671.1863469997162,0.875,0.0031013912809816357,0.6570219912079573,"[0, 3)","[0, 4)","[0.0, 0.1)",,,
460,sucrose,fly08,80,56.45252126526356,14.816453697602894,673.6861719997144,0.878,-0.005982698003734299,3.8101236920408854,"[12, 15)","[12, 16)","[-0.1, 0.0)",,,
461,sucrose,fly08,81,1.8291491200537024,2.7490376901996507,677.5525679997115,0.884,0.003153400267899731,0.6653779708348995,"[0, 3)","[0, 4)","[0.0, 0.1)",,,
462,sucrose,fly08,82,44.85948340665483,18.574838513214605,677.9192089997113,0.884,0.0011446821555322062,2.4150672090495253,"[15, 20)","[16, 20)","[0.0, 0.1)",,,
463,sucrose,fly08,83,3.0703540494830848,2.9328449502012726,689.4850659997028,0.899,0.004095304500113861,1.046885908262002,"[0, 3)","[0, 4)","[0.0, 0.1)",,,
464,sucrose,fly08,84,15.444687531682314,6.981227061562051,697.9511399996966,0.91,-8.574981041625795e-05,2.2123170318752763,"[6, 9)","[4, 8)","[-0.1, 0.0)",,,
465,sucrose,fly08,85,7.787615643715565,4.126369755804118,701.3842329996941,0.915,0.0029635238872018355,1.8872801286800747,"[3, 6)","[4, 8)","[0.0, 0.1)",,,
466,sucrose,fly08,86,68.63958643919716,19.40343311217111,703.5840789996925,0.917,0.002499858119512921,3.5374970007829125,"[15, 20)","[16, 20)","[0.0, 0.1)",,,
467,sucrose,fly08,87,56.63011122597939,14.839721169605836,705.3172909996912,0.92,-0.003518363491987253,3.8161169323024127,"[12, 15)","[12, 16)","[-0.1, 0.0)",,,
468,sucrose,fly08,88,2.2809666112588514,2.7194785238841845,705.8172559996908,0.92,-0.0006510471944614626,0.8387514706315775,"[0, 3)","[0, 4)","[-0.1, 0.0)",,,
469,sucrose,fly08,89,126.50627059776903,46.28203688543589,706.0839039996906,0.921,-0.001021060963511955,2.733377334081384,"[40, 50)","[44, 48)","[-0.1, 0.0)",,,
470,sucrose,fly08,90,2.2588539021914786,3.0319164459387378,709.8169759996879,0.926,-3.4787326175678146e-05,0.7450251161166466,"[3, 6)","[0, 4)","[-0.1, 0.0)",,,
471,sucrose,fly08,91,727.7115503345823,58.23190960358344,709.9169689996878,0.926,0.0011425282626763011,12.49678321196255,"[50, 60)","[56, 60)","[0.0, 0.1)",,,
472,sucrose,fly08,92,6.081581295968552,2.752840190632134,730.082223999673,0.952,0.008215694611224844,2.2092024508593213,"[0, 3)","[0, 4)","[0.0, 0.1)",,,
473,sucrose,fly08,93,4.846564731145227,3.220716122096372,732.2820699996714,0.955,0.0018764550168469674,1.5048096595332923,"[3, 6)","[0, 4)","[0.0, 0.1)",,,
474,sucrose,fly08,94,11.287721806468353,3.344725245183788,743.2146379996634,0.969,0.001592194912090894,3.374782972898005,"[3, 6)","[0, 4)","[0.0, 0.1)",,,
475,sucrose,fly08,95,4.114796475438318,3.1269137244840155,748.1809569996598,0.976,0.0017519923677864202,1.3159290079604986,"[3, 6)","[0, 4)","[0.0, 0.1)",,,
476,sucrose,fly08,96,33.61105902091141,5.250685451809814,749.8141759996586,0.978,0.0039742524531239665,6.401270715869354,"[3, 6)","[4, 8)","[0.0, 0.1)",,,
477,sucrose,fly08,97,5.366102812727014,2.2596015877513107,756.1803969996539,0.986,0.0013718585891596136,2.374800425798604,"[0, 3)","[0, 4)","[0.0, 0.1)",,,
478,sucrose,fly08,98,57.003508181031016,19.410251477406085,756.4470449996537,0.986,-0.0002879813013413335,2.9367732946368172,"[15, 20)","[16, 20)","[-0.1, 0.0)",,,
479,sucrose,fly09,1,18.463602699911963,6.144953891712301,12.99909000000012,0.071,-0.16840391785942366,3.004677175009209,"[6, 9)","[4, 8)",,"[1, 5)","[1, 4)",0.0
480,sucrose,fly09,2,207.2359953079022,73.71752287607467,21.33184000000023,0.117,0.06752457780769561,2.8112175670401087,,,"[0.0, 0.1)","[1, 5)","[1, 4)",0.0
481,sucrose,fly09,3,2.1310283098424665,2.7916042171803075,28.198026000000322,0.155,0.03715589405680941,0.763370500992772,"[0, 3)","[0, 4)","[0.0, 0.1)","[1, 5)","[1, 4)",0.0
482,sucrose,fly09,4,3.5736565386054906,2.205084699970089,54.196205999998305,0.298,0.01223310500118393,1.62064365992561,"[0, 3)","[0, 4)","[0.0, 0.1)","[1, 5)","[4, 7)",1.0
483,sucrose,fly09,5,271.39196660167124,17.329002114129068,117.69176100000382,0.646,0.028854832163471747,15.66114221778494,"[15, 20)","[16, 20)","[0.0, 0.1)","[5, 9)","[4, 7)",1.0
484,sucrose,fly09,6,5.909590044328754,2.968496763519854,133.75730300000575,0.734,0.006302804097341352,1.9907685657442116,"[0, 3)","[0, 4)","[0.0, 0.1)","[5, 9)","[4, 7)",1.0
485,sucrose,fly09,7,32.01128369479298,12.008134097397365,134.9572190000059,0.741,-0.0003629570904803703,2.6657999848395333,"[12, 15)","[12, 16)","[-0.1, 0.0)","[5, 9)","[7, 10)",2.0
486,sucrose,fly09,8,23.42191278477255,6.363608904655137,162.82193500000923,0.894,0.008957141240855428,3.6806021764849257,"[6, 9)","[4, 8)","[0.0, 0.1)","[5, 9)","[7, 10)",2.0
487,sucrose,fly09,9,32.36340172856835,14.359951754786984,173.4545240000105,0.952,0.004307061949052345,2.253726355158526,"[12, 15)","[12, 16)","[0.0, 0.1)","[9, 13)","[7, 10)",2.0
488,sucrose,fly09,10,202.09469299408735,30.32647241463804,180.58735800001136,0.991,0.00244756819642368,6.663969690604038,"[30, 40)","[28, 32)","[0.0, 0.1)","[9, 13)","[10, 13)",3.0
489,sucrose,fly10,1,18.154967375218916,5.188518597956272,100.0263310000017,0.667,0.10340882662191163,3.4990656836751155,"[3, 6)","[4, 8)","[0.1, 0.2)","[1, 5)","[1, 4)",0.0
490,sucrose,fly10,2,95.71052723487915,7.112751831052527,109.1590250000028,0.728,0.006224728297189036,13.456188196673827,"[6, 9)","[4, 8)","[0.0, 0.1)","[1, 5)","[1, 4)",0.0
491,sucrose,fly10,3,20.273109782655403,6.592066329605242,117.95840900000385,0.786,0.006062738755485478,3.075380126502677,"[6, 9)","[4, 8)","[0.0, 0.1)","[1, 5)","[1, 4)",0.0
492,sucrose,fly10,4,684.5453472154924,28.23377533760843,121.6248190000043,0.811,0.00329311777959089,24.245618555434657,"[20, 30)","[28, 32)","[0.0, 0.1)","[1, 5)","[4, 7)",1.0
493,sucrose,fly10,5,4.686252690160042,2.884811257254065,136.22379700000604,0.908,0.006033832220076779,1.6244572945200912,"[0, 3)","[0, 4)","[0.0, 0.1)","[5, 9)","[4, 7)",1.0
494,sucrose,fly10,6,16.74712421041644,5.185556122405927,144.9898500000071,0.966,0.0036759940948387637,3.229571489556327,"[3, 6)","[4, 8)","[0.0, 0.1)","[5, 9)","[4, 7)",1.0
495,sucrose,fly10,7,12.301147530498193,5.050102918615219,146.6564000000073,0.978,0.0008405590065356655,2.4358211562688847,"[3, 6)","[4, 8)","[0.0, 0.1)","[5, 9)","[7, 10)",2.0
496,sucrose,fly10,8,126.96731772543417,14.951637845529007,147.12303400000735,0.981,0.00028495874748395156,8.491866846775,"[12, 15)","[12, 16)","[0.0, 0.1)","[5, 9)","[7, 10)",2.0
497,sucrose,fly12,1,9.346080257269874,4.226213210537474,39.730551999999655,0.095,0.24808222633552524,2.2114549814871443,"[3, 6)","[4, 8)","[0.2, 0.3)","[1, 5)","[1, 4)",0.0
498,sucrose,fly12,2,4.003065484133001,2.77208205541134,50.82977499999862,0.122,0.019580251790345893,1.4440645710031117,"[0, 3)","[0, 4)","[0.0, 0.1)","[1, 5)","[1, 4)",0.0
499,sucrose,fly12,3,12.020260367747612,5.530783109440786,55.86275599999815,0.134,0.013396661933183951,2.173337867331951,"[3, 6)","[4, 8)","[0.0, 0.1)","[1, 5)","[1, 4)",0.0
500,sucrose,fly12,4,2.510905287456207,2.6850479161567136,57.39598199999801,0.138,0.003229345739556244,0.9351435675867683,"[0, 3)","[0, 4)","[0.0, 0.1)","[1, 5)","[4, 7)",1.0
501,sucrose,fly12,5,5.297256494479327,3.002577429963794,58.22925699999793,0.14,-0.0019327835720533981,1.7642364328780034,"[3, 6)","[0, 4)","[-0.1, 0.0)","[5, 9)","[4, 7)",1.0
502,sucrose,fly12,6,51.44326032898487,16.10945710758835,59.029200999997855,0.142,-0.004128820019059787,3.1933577888700264,"[15, 20)","[16, 20)","[-0.1, 0.0)","[5, 9)","[4, 7)",1.0
503,sucrose,fly12,7,6.674172616727091,4.5964784504169955,59.16252499999784,0.142,-0.0009679079304991955,1.4520186896822296,"[3, 6)","[4, 8)","[-0.1, 0.0)","[5, 9)","[7, 10)",2.0
504,sucrose,fly12,8,42.2963699568021,6.361509883661414,61.56235699999762,0.148,0.00751941239143189,6.648794190422308,"[6, 9)","[4, 8)","[0.0, 0.1)","[5, 9)","[7, 10)",2.0
505,sucrose,fly12,9,4.808776160744209,3.2021835052623713,62.662279999997516,0.151,0.007499791188325944,1.5017178599669918,"[3, 6)","[0, 4)","[0.0, 0.1)","[9, 13)","[7, 10)",2.0
506,sucrose,fly12,10,5.283356145435062,3.41887917134245,63.628878999997426,0.153,-0.001442204262284058,1.5453474313222102,"[3, 6)","[0, 4)","[-0.1, 0.0)","[9, 13)","[10, 13)",3.0
507,sucrose,fly12,11,20.93429511419803,6.243377272603783,64.36216099999743,0.155,0.0026170281446989685,3.3530402216855686,"[6, 9)","[4, 8)","[0.0, 0.1)","[9, 13)","[10, 13)",3.0
508,sucrose,fly12,12,274.28876393591753,34.400860960978434,72.16161499999836,0.173,0.00996526377985868,7.973311024019097,"[30, 40)","[32, 36)","[0.0, 0.1)","[9, 13)","[10, 13)",3.0
509,sucrose,fly12,13,4.223696953166115,2.8857269201383895,82.02759099999955,0.197,0.012909310106768976,1.463650951755186,"[0, 3)","[0, 4)","[0.0, 0.1)","[13, 17)","[13, 16)",4.0
510,sucrose,fly12,14,5.808253840579561,2.693735190777888,108.19242600000268,0.26,0.03014223680150044,2.1562081753486217,"[0, 3)","[0, 4)","[0.0, 0.1)","[13, 17)","[13, 16)",4.0
511,sucrose,fly12,15,16.38145402394002,5.890821785227884,111.19221600000304,0.267,0.0026519382866819763,2.780843593846102,"[3, 6)","[4, 8)","[0.0, 0.1)","[13, 17)","[13, 16)",4.0
512,sucrose,fly12,16,2.6646800822840033,2.7099707062835585,113.85869600000336,0.273,0.0018094092955469043,0.9832874119655461,"[0, 3)","[0, 4)","[0.0, 0.1)","[13, 17)","[16, 19)",5.0
513,sucrose,fly12,17,12.827024990063874,5.443489864896458,115.8918870000036,0.278,-0.0021161297822036296,2.356397331201398,"[3, 6)","[4, 8)","[-0.1, 0.0)","[17, 21)","[16, 19)",5.0
514,sucrose,fly12,18,3.5368033221198094,2.916455688222801,120.0249310000041,0.288,0.00417406217271396,1.2127060035241026,"[0, 3)","[0, 4)","[0.0, 0.1)","[17, 21)","[16, 19)",5.0
515,sucrose,fly12,19,4.091750327981189,3.0677582749047545,133.09068300000567,0.32,0.009576482713731488,1.3337916358837714,"[3, 6)","[0, 4)","[0.0, 0.1)","[17, 21)","[19, 22)",6.0
516,sucrose,fly12,20,2.644824558062973,2.8369061599368095,148.52293600000752,0.357,0.011662351527806342,0.9322918732433099,"[0, 3)","[0, 4)","[0.0, 0.1)","[17, 21)","[19, 22)",6.0
517,sucrose,fly12,21,4.213993555407562,4.002659671022425,148.62292900000753,0.357,0.00041412923605327334,1.0527983645262438,"[3, 6)","[4, 8)","[0.0, 0.1)","[21, 25)","[19, 22)",6.0
518,sucrose,fly12,22,34.90674346241394,12.161806929722252,163.22190700000928,0.392,0.015884911255799328,2.870193850644456,"[12, 15)","[12, 16)","[0.0, 0.1)","[21, 25)","[22, 25)",7.0
519,sucrose,fly12,23,8.783303351284726,3.584184581305717,167.82158500000983,0.403,0.0033580753992803747,2.45057227161135,"[3, 6)","[0, 4)","[0.0, 0.1)","[21, 25)","[22, 25)",7.0
520,sucrose,fly12,24,46.5282028906482,11.957491741048571,168.25488800000988,0.404,0.0002684295892606825,3.891134018593775,"[9, 12)","[8, 12)","[0.0, 0.1)","[21, 25)","[22, 25)",7.0
521,sucrose,fly12,25,715.6434234020676,8.37257409097346,173.65451000001053,0.417,0.0009588115269525133,85.47471967714309,"[6, 9)","[8, 12)","[0.0, 0.1)","[25, 29)","[25, 28)",8.0
522,sucrose,fly12,26,3.2911697423609927,2.7045359949903944,345.0758429999551,0.829,0.05853401688315357,1.21690735433258,"[0, 3)","[0, 4)","[0.0, 0.1)","[25, 29)","[25, 28)",8.0
523,sucrose,fly12,27,5.907812172820739,2.606768295760511,397.7388229999165,0.955,0.018081535740471097,2.2663357469970937,"[0, 3)","[0, 4)","[0.0, 0.1)","[25, 29)","[25, 28)",8.0
524,sucrose,fly12,28,40.17791632547016,13.802392444719224,408.6713909999085,0.982,0.0007548402307926416,2.9109385554996425,"[12, 15)","[12, 16)","[0.0, 0.1)","[25, 29)","[28, 31)",9.0
525,sucrose,fly13,1,3.3242821698610445,2.511103383466405,85.52734599999997,0.348,0.07370035318907768,1.3238332566268547,"[0, 3)","[0, 4)","[0.0, 0.1)","[1, 5)","[1, 4)",0.0
526,sucrose,fly13,2,4.323092833957692,2.668178759818743,94.32673000000102,0.384,0.0010854613129533952,1.620241079443782,"[0, 3)","[0, 4)","[0.0, 0.1)","[1, 5)","[1, 4)",0.0
527,sucrose,fly13,3,5.029430108313751,2.8814862007688946,97.29318900000138,0.396,0.005254493961257864,1.7454291840688672,"[0, 3)","[0, 4)","[0.0, 0.1)","[1, 5)","[1, 4)",0.0
528,sucrose,fly13,4,20.874422709305165,7.874267045204885,106.15923500000244,0.432,0.008220907803532823,2.650967079153971,"[6, 9)","[4, 8)","[0.0, 0.1)","[1, 5)","[4, 7)",1.0
529,sucrose,fly13,5,315.2819588468706,18.205272722893145,110.15895500000292,0.448,0.0012418987427833539,17.318167304926078,"[15, 20)","[16, 20)","[0.0, 0.1)","[5, 9)","[4, 7)",1.0
530,sucrose,fly13,6,1.8386601995771215,2.277915640095792,151.6560500000079,0.617,0.02266981478916355,0.8071678192173092,"[0, 3)","[0, 4)","[0.0, 0.1)","[5, 9)","[4, 7)",1.0
531,sucrose,fly13,7,2.7257332761434774,2.55803019461757,157.95560900000865,0.643,0.004635062343730567,1.065559461291261,"[0, 3)","[0, 4)","[0.0, 0.1)","[5, 9)","[7, 10)",2.0
532,sucrose,fly13,8,19.15417126774961,6.386743034824972,170.22141700001012,0.693,0.0034537005832995377,2.9990514982844503,"[6, 9)","[4, 8)","[0.0, 0.1)","[5, 9)","[7, 10)",2.0
533,sucrose,fly13,9,4.2716582058273564,2.3340483223721393,187.75352300001222,0.764,0.005234632279222169,1.8301498580312108,"[0, 3)","[0, 4)","[0.0, 0.1)","[9, 13)","[7, 10)",2.0
534,sucrose,fly13,10,17.74063039693258,4.3908518757130945,200.8859370000138,0.817,0.003786408925121769,4.040361847563218,"[3, 6)","[4, 8)","[0.0, 0.1)","[9, 13)","[10, 13)",3.0
535,sucrose,fly13,11,37.9619279174906,9.143434917982857,210.21861700001492,0.855,0.002565280925704558,4.151823495000653,"[9, 12)","[8, 12)","[0.0, 0.1)","[9, 13)","[10, 13)",3.0
536,sucrose,fly13,12,62.57678117358106,14.97454094365153,217.81808500001583,0.886,0.0013274818487549744,4.178878097769704,"[12, 15)","[12, 16)","[0.0, 0.1)","[9, 13)","[10, 13)",3.0
537,sucrose,fly13,13,192.29209533630325,73.33145534437313,222.85106600001643,0.907,0.00271783838650122,2.622232088989329,,,"[0.0, 0.1)","[13, 17)","[13, 16)",4.0
538,sucrose,fly13,14,5.353348569854212,3.4211838955818292,226.38415200001685,0.921,-0.0001449810581594796,1.5647649273596813,"[3, 6)","[0, 4)","[-0.1, 0.0)","[13, 17)","[13, 16)",4.0
539,sucrose,fly13,15,52.0157918307376,14.872661601656125,230.65052000001737,0.938,0.0016217620218117595,3.4974097591883253,"[12, 15)","[12, 16)","[0.0, 0.1)","[13, 17)","[13, 16)",4.0
540,sucrose,fly14,1,3.1698134433185814,3.1160111497334064,16.66550000000017,0.06,0.01798641026744529,1.0172663995729856,"[3, 6)","[0, 4)","[0.0, 0.1)","[1, 5)","[1, 4)",0.0
541,sucrose,fly14,2,5.594918429907284,2.7678978591342798,38.99726999999972,0.141,0.02338940145451531,2.0213601493435225,"[0, 3)","[0, 4)","[0.0, 0.1)","[1, 5)","[1, 4)",0.0
542,sucrose,fly14,3,116.39631796340629,13.98807882879485,41.030460999999534,0.148,0.0018919629707385976,8.32110823709409,"[12, 15)","[12, 16)","[0.0, 0.1)","[1, 5)","[1, 4)",0.0
543,sucrose,fly14,4,589.5797823800755,8.255435697130466,118.19172600000388,0.426,0.042273946914010714,71.41716125110266,"[6, 9)","[8, 12)","[0.0, 0.1)","[1, 5)","[4, 7)",1.0
544,sucrose,fly14,5,332.5296980265623,18.264082855678744,238.84994600001835,0.861,0.04259568310924403,18.206755885536886,"[15, 20)","[16, 20)","[0.0, 0.1)","[5, 9)","[4, 7)",1.0
545,sucrose,fly14,6,67.03488036961437,30.042097196518146,275.04741200000643,0.991,0.008711489932356875,2.231364872136279,"[30, 40)","[28, 32)","[0.0, 0.1)","[5, 9)","[4, 7)",1.0
